http_200,http_3xx,http_404,http_4xx,http_5xx,has_username_in_path,is_homepage,has_auth_pattern,error_keyword_count,positive_keyword_count,meta_error_keyword_count,meta_positive_keyword_count,profile_section_count,error_section_count,img_count,input_count,form_count,title_has_username,meta_has_username,response_time,content_length,redirect_count,fingerprint_match_found,fingerprint_match_not_found,og_type_profile,has_json_ld_person,username_in_canonical,link_count,text_length,heuristic_score,label
0.0,0.0,0.0,1.0,0.0,1.0,0.0,0.0,1.0,1.0,0.0,1.0,0.0,0.0,0.0,0.0,0.0,0.0,0.0,0.07800000000133878,5762.0,0.0,0.0,0.0,0.0,0.0,0.0,0.0,0.0,4.5,0.0
0.0,0.0,1.0,1.0,0.0,1.0,0.0,0.0,4.0,0.0,0.0,0.0,0.0,0.0,0.0,0.0,0.0,0.0,0.0,0.23500000000058208,755.0,0.0,0.0,0.0,0.0,0.0,0.0,0.0,0.0,-15.0,0.0
0.0,0.0,0.0,1.0,0.0,1.0,0.0,0.0,1.0,1.0,0.0,1.0,0.0,0.0,0.0,0.0,0.0,0.0,0.0,0.030999999995401595,5726.0,0.0,0.0,0.0,0.0,0.0,0.0,0.0,0.0,4.5,0.0
0.0,0.0,1.0,1.0,0.0,1.0,0.0,0.0,2.0,0.0,0.0,0.0,0.0,1.0,1.0,0.0,0.0,0.0,0.0,0.2969999999986612,1481.0,0.0,0.0,0.0,0.0,0.0,0.0,0.0,0.0,-14.0,0.0
0.0,0.0,0.0,1.0,0.0,1.0,0.0,0.0,1.0,1.0,0.0,1.0,0.0,0.0,0.0,0.0,0.0,0.0,0.0,0.31300000000192085,5636.0,0.0,0.0,0.0,0.0,0.0,0.0,0.0,0.0,4.5,1.0
1.0,0.0,0.0,0.0,0.0,1.0,0.0,0.0,1.0,1.0,0.0,0.0,0.0,0.0,0.0,0.0,0.0,0.0,0.0,0.3280000000013388,3752.0,0.0,0.0,0.0,0.0,0.0,0.0,0.0,0.0,7.5,1.0
1.0,0.0,0.0,0.0,0.0,1.0,0.0,0.0,2.0,10.0,0.0,0.0,5.0,0.0,0.0,0.0,0.0,0.0,0.0,0.07899999999790452,30861.0,0.0,0.0,0.0,0.0,0.0,0.0,0.0,0.0,39.0,0.0
0.0,0.0,1.0,1.0,0.0,1.0,0.0,0.0,4.0,8.0,0.0,0.0,1.0,0.0,1.0,0.0,0.0,0.0,0.0,0.46899999999732245,49441.0,0.0,0.0,0.0,0.0,0.0,0.0,0.0,0.0,1.0,0.0
0.0,0.0,1.0,1.0,0.0,1.0,0.0,0.0,4.0,5.0,1.0,2.0,0.0,0.0,0.0,2.0,1.0,0.0,1.0,0.46899999999732245,99996.0,0.0,0.0,0.0,0.0,0.0,0.0,0.0,0.0,-1.5,0.0
0.0,0.0,1.0,1.0,0.0,1.0,0.0,0.0,2.0,0.0,0.0,0.0,0.0,1.0,1.0,0.0,0.0,0.0,0.0,0.2819999999992433,1481.0,0.0,0.0,0.0,0.0,0.0,0.0,0.0,0.0,-14.0,0.0
1.0,0.0,0.0,0.0,0.0,1.0,0.0,0.0,2.0,2.0,0.0,0.0,0.0,0.0,0.0,0.0,0.0,0.0,0.0,0.4069999999992433,12533.0,0.0,0.0,0.0,0.0,0.0,0.0,0.0,0.0,7.0,0.0
1.0,0.0,0.0,0.0,0.0,1.0,0.0,0.0,1.0,2.0,0.0,1.0,2.0,0.0,0.0,0.0,0.0,1.0,1.0,0.5159999999959837,9687.0,0.0,0.0,0.0,0.0,0.0,0.0,0.0,0.0,24.0,0.0
0.0,0.0,0.0,1.0,0.0,1.0,0.0,0.0,1.0,1.0,0.0,1.0,0.0,0.0,0.0,0.0,0.0,0.0,0.0,0.031000000002677552,5726.0,0.0,0.0,0.0,0.0,0.0,0.0,0.0,0.0,4.5,0.0
0.0,0.0,1.0,1.0,0.0,1.0,0.0,0.0,1.0,2.0,0.0,1.0,0.0,0.0,0.0,0.0,0.0,0.0,0.0,0.375,3390.0,0.0,0.0,0.0,0.0,0.0,0.0,0.0,0.0,-4.0,0.0
0.0,0.0,0.0,1.0,0.0,1.0,0.0,0.0,1.0,1.0,0.0,1.0,0.0,0.0,0.0,0.0,0.0,0.0,0.0,0.030999999995401595,5796.0,0.0,0.0,0.0,0.0,0.0,0.0,0.0,0.0,4.5,0.0
1.0,0.0,0.0,0.0,0.0,1.0,0.0,0.0,2.0,9.0,0.0,5.0,0.0,5.0,1.0,0.0,0.0,1.0,1.0,0.6409999999959837,42663.0,0.0,0.0,0.0,0.0,0.0,0.0,0.0,0.0,17.5,1.0
0.0,0.0,1.0,1.0,0.0,1.0,0.0,0.0,4.0,7.0,0.0,0.0,1.0,0.0,1.0,0.0,0.0,0.0,0.0,0.4690000000045984,49368.0,0.0,0.0,0.0,0.0,0.0,0.0,0.0,0.0,-0.5,0.0
0.0,0.0,1.0,1.0,0.0,1.0,0.0,0.0,1.0,2.0,0.0,1.0,0.0,0.0,0.0,0.0,0.0,0.0,0.0,0.3430000000007567,3390.0,0.0,0.0,0.0,0.0,0.0,0.0,0.0,0.0,-4.0,0.0
0.0,0.0,1.0,1.0,0.0,1.0,0.0,0.0,5.0,2.0,0.0,0.0,0.0,0.0,1.0,2.0,1.0,0.0,0.0,0.8600000000005821,21143.0,0.0,0.0,0.0,0.0,0.0,0.0,0.0,0.0,-14.0,0.0
1.0,0.0,0.0,0.0,0.0,1.0,0.0,0.0,2.0,6.0,1.0,4.0,2.0,0.0,0.0,1.0,0.0,1.0,1.0,0.6569999999992433,95031.0,0.0,0.0,0.0,0.0,0.0,0.0,0.0,0.0,31.0,1.0
0.0,0.0,1.0,1.0,0.0,1.0,0.0,0.0,4.0,5.0,1.0,2.0,0.0,0.0,0.0,2.0,1.0,0.0,1.0,0.48399999999674037,99996.0,0.0,0.0,0.0,0.0,0.0,0.0,0.0,0.0,-1.5,0.0
1.0,0.0,0.0,0.0,0.0,1.0,0.0,0.0,0.0,2.0,0.0,0.0,0.0,0.0,0.0,0.0,0.0,0.0,0.0,0.9069999999992433,23667.0,1.0,0.0,0.0,0.0,0.0,0.0,0.0,0.0,11.0,0.0
1.0,0.0,0.0,0.0,0.0,1.0,0.0,0.0,1.0,2.0,0.0,0.0,0.0,0.0,1.0,0.0,0.0,1.0,1.0,0.5149999999994179,11139.0,0.0,0.0,0.0,0.0,0.0,0.0,0.0,0.0,14.0,1.0
1.0,0.0,0.0,0.0,0.0,1.0,0.0,0.0,0.0,1.0,0.0,0.0,0.0,0.0,0.0,0.0,0.0,0.0,0.0,0.20300000000133878,6890.0,1.0,0.0,0.0,0.0,0.0,0.0,0.0,0.0,9.5,1.0
0.0,0.0,0.0,1.0,0.0,1.0,0.0,0.0,1.0,1.0,0.0,1.0,0.0,0.0,0.0,0.0,0.0,0.0,0.0,0.031000000002677552,5808.0,0.0,0.0,0.0,0.0,0.0,0.0,0.0,0.0,4.5,0.0
1.0,0.0,0.0,0.0,0.0,1.0,0.0,0.0,2.0,2.0,0.0,0.0,0.0,0.0,0.0,0.0,0.0,0.0,0.0,0.39099999999598367,9184.0,0.0,0.0,0.0,0.0,0.0,0.0,0.0,0.0,7.0,0.0
1.0,0.0,0.0,0.0,0.0,1.0,0.0,0.0,0.0,1.0,0.0,1.0,0.0,0.0,0.0,0.0,0.0,0.0,0.0,0.6409999999959837,4113.0,0.0,0.0,0.0,0.0,0.0,0.0,0.0,0.0,11.5,0.0
1.0,0.0,0.0,0.0,0.0,1.0,0.0,0.0,1.0,9.0,0.0,2.0,5.0,0.0,0.0,0.0,0.0,0.0,1.0,0.07800000000133878,27072.0,0.0,0.0,0.0,0.0,0.0,0.0,0.0,0.0,48.5,1.0
1.0,0.0,0.0,0.0,0.0,1.0,0.0,1.0,1.0,3.0,0.0,1.0,14.0,1.0,6.0,10.0,3.0,1.0,1.0,0.5,42571.0,0.0,0.0,0.0,0.0,0.0,0.0,0.0,0.0,70.5,0.0
0.0,0.0,0.0,1.0,0.0,1.0,0.0,0.0,1.0,1.0,0.0,1.0,0.0,0.0,0.0,0.0,0.0,0.0,0.0,0.046999999998661224,5723.0,0.0,0.0,0.0,0.0,0.0,0.0,0.0,0.0,4.5,0.0
1.0,0.0,0.0,0.0,0.0,1.0,0.0,0.0,0.0,8.0,0.0,2.0,0.0,0.0,1.0,1.0,1.0,1.0,1.0,0.07800000000133878,18318.0,0.0,0.0,0.0,0.0,0.0,0.0,0.0,0.0,29.0,1.0
1.0,0.0,0.0,0.0,0.0,1.0,0.0,0.0,0.0,1.0,0.0,0.0,0.0,0.0,0.0,0.0,0.0,0.0,0.0,0.17199999999866122,6890.0,1.0,0.0,0.0,0.0,0.0,0.0,0.0,0.0,9.5,0.0
0.0,0.0,1.0,1.0,0.0,1.0,0.0,0.0,0.0,7.0,0.0,3.0,0.0,0.0,0.0,0.0,0.0,0.0,0.0,0.25,4166.0,0.0,0.0,0.0,0.0,0.0,0.0,0.0,0.0,9.5,0.0
1.0,0.0,0.0,0.0,0.0,1.0,0.0,0.0,2.0,2.0,0.0,0.0,0.0,0.0,0.0,0.0,0.0,0.0,0.0,0.4220000000059372,9178.0,0.0,0.0,0.0,0.0,0.0,0.0,0.0,0.0,7.0,1.0
0.0,0.0,1.0,1.0,0.0,1.0,0.0,0.0,5.0,2.0,0.0,0.0,0.0,0.0,1.0,2.0,1.0,0.0,0.0,0.3430000000007567,21143.0,0.0,0.0,0.0,0.0,0.0,0.0,0.0,0.0,-14.0,0.0
0.0,0.0,1.0,1.0,0.0,1.0,0.0,0.0,1.0,2.0,0.0,1.0,0.0,0.0,0.0,0.0,0.0,0.0,0.0,0.39099999999598367,3390.0,0.0,0.0,0.0,0.0,0.0,0.0,0.0,0.0,-4.0,0.0
1.0,0.0,0.0,0.0,0.0,0.0,1.0,0.0,0.0,8.0,0.0,1.0,6.0,0.0,35.0,0.0,0.0,0.0,0.0,1.2969999999986612,31642.0,1.0,0.0,0.0,0.0,0.0,0.0,0.0,0.0,40.0,0.0
0.0,0.0,0.0,1.0,0.0,1.0,0.0,0.0,0.0,0.0,0.0,0.0,0.0,0.0,0.0,0.0,0.0,0.0,0.0,0.20300000000133878,127.0,0.0,0.0,0.0,0.0,0.0,0.0,0.0,0.0,3.0,1.0
0.0,0.0,1.0,1.0,0.0,1.0,0.0,0.0,0.0,8.0,0.0,3.0,0.0,0.0,0.0,0.0,0.0,0.0,0.0,0.2969999999986612,6759.0,0.0,0.0,0.0,0.0,0.0,0.0,0.0,0.0,11.0,0.0
1.0,0.0,0.0,0.0,0.0,1.0,0.0,0.0,0.0,1.0,0.0,0.0,0.0,0.0,0.0,4.0,1.0,0.0,0.0,0.25,8434.0,1.0,0.0,0.0,0.0,0.0,0.0,0.0,0.0,7.5,1.0
0.0,0.0,1.0,1.0,0.0,1.0,0.0,0.0,2.0,0.0,0.0,0.0,0.0,1.0,1.0,0.0,0.0,0.0,0.0,0.28100000000267755,1481.0,0.0,0.0,0.0,0.0,0.0,0.0,0.0,0.0,-14.0,0.0
1.0,0.0,0.0,0.0,0.0,1.0,0.0,0.0,1.0,2.0,0.0,1.0,2.0,0.0,0.0,0.0,0.0,1.0,1.0,0.17199999999866122,9702.0,0.0,0.0,0.0,0.0,0.0,0.0,0.0,0.0,24.0,0.0
0.0,0.0,0.0,1.0,0.0,1.0,0.0,0.0,0.0,0.0,0.0,0.0,0.0,0.0,0.0,0.0,0.0,0.0,0.0,0.18699999999807915,127.0,0.0,0.0,0.0,0.0,0.0,0.0,0.0,0.0,3.0,1.0
1.0,0.0,0.0,0.0,0.0,1.0,0.0,1.0,1.0,3.0,0.0,1.0,14.0,1.0,6.0,10.0,3.0,1.0,1.0,0.3899999999994179,42475.0,0.0,0.0,0.0,0.0,0.0,0.0,0.0,0.0,70.5,0.0
0.0,0.0,1.0,1.0,0.0,1.0,0.0,0.0,4.0,5.0,1.0,2.0,0.0,0.0,0.0,0.0,0.0,0.0,1.0,0.46899999999732245,55969.0,0.0,0.0,0.0,0.0,0.0,0.0,0.0,0.0,-1.5,0.0
1.0,0.0,0.0,0.0,0.0,1.0,0.0,0.0,1.0,2.0,1.0,2.0,0.0,0.0,0.0,0.0,0.0,0.0,1.0,0.125,2752.0,0.0,0.0,0.0,0.0,0.0,0.0,0.0,0.0,15.0,1.0
0.0,0.0,1.0,1.0,0.0,1.0,0.0,0.0,4.0,10.0,1.0,0.0,0.0,0.0,0.0,1.0,1.0,0.0,0.0,1.0310000000026776,64044.0,0.0,0.0,0.0,0.0,0.0,0.0,0.0,0.0,-3.0,0.0
1.0,0.0,0.0,0.0,0.0,1.0,0.0,0.0,2.0,2.0,0.0,0.0,0.0,0.0,0.0,0.0,0.0,0.0,0.0,0.4850000000005821,5456.0,0.0,0.0,0.0,0.0,0.0,0.0,0.0,0.0,7.0,0.0
0.0,0.0,0.0,1.0,0.0,1.0,0.0,0.0,0.0,0.0,0.0,0.0,0.0,0.0,0.0,0.0,0.0,0.0,0.0,0.17199999999866122,127.0,0.0,0.0,0.0,0.0,0.0,0.0,0.0,0.0,3.0,0.0
1.0,0.0,0.0,0.0,0.0,1.0,0.0,0.0,2.0,9.0,0.0,5.0,0.0,5.0,1.0,0.0,0.0,1.0,1.0,0.3279999999940628,59743.0,0.0,0.0,0.0,0.0,0.0,0.0,0.0,0.0,17.5,1.0
1.0,0.0,0.0,0.0,0.0,1.0,0.0,0.0,2.0,5.0,1.0,0.0,0.0,1.0,4.0,0.0,0.0,0.0,0.0,0.35899999999674037,26808.0,0.0,0.0,0.0,0.0,0.0,0.0,0.0,0.0,5.5,0.0
1.0,0.0,0.0,0.0,0.0,1.0,0.0,0.0,0.0,4.0,0.0,2.0,0.0,0.0,0.0,0.0,0.0,1.0,1.0,0.14100000000325963,9445.0,0.0,0.0,0.0,0.0,0.0,0.0,0.0,0.0,23.0,1.0
1.0,0.0,0.0,0.0,0.0,1.0,0.0,0.0,1.0,8.0,0.0,5.0,1.0,0.0,0.0,0.0,0.0,1.0,1.0,0.6090000000040163,34440.0,0.0,0.0,0.0,0.0,0.0,0.0,0.0,0.0,37.0,1.0
0.0,0.0,0.0,1.0,0.0,0.0,0.0,0.0,1.0,2.0,0.0,1.0,0.0,0.0,0.0,0.0,0.0,0.0,0.0,0.5469999999986612,5717.0,1.0,0.0,0.0,0.0,0.0,0.0,0.0,0.0,3.0,0.0
0.0,0.0,1.0,1.0,0.0,1.0,0.0,0.0,4.0,1.0,0.0,0.0,0.0,0.0,0.0,0.0,0.0,0.0,0.0,0.125,5069.0,0.0,0.0,0.0,0.0,0.0,0.0,0.0,0.0,-13.5,0.0
0.0,0.0,0.0,1.0,0.0,0.0,0.0,0.0,1.0,0.0,0.0,0.0,0.0,0.0,0.0,0.0,0.0,0.0,0.0,0.2649999999994179,6.0,0.0,0.0,0.0,0.0,0.0,0.0,0.0,0.0,-2.0,0.0
1.0,0.0,0.0,0.0,0.0,1.0,0.0,0.0,1.0,6.0,0.0,3.0,0.0,0.0,0.0,0.0,0.0,1.0,1.0,0.9530000000013388,27204.0,0.0,0.0,0.0,0.0,0.0,0.0,0.0,0.0,26.0,1.0
0.0,0.0,1.0,1.0,0.0,1.0,0.0,0.0,4.0,0.0,0.0,0.0,0.0,0.0,0.0,0.0,0.0,0.0,0.0,0.13999999999941792,755.0,0.0,0.0,0.0,0.0,0.0,0.0,0.0,0.0,-15.0,0.0
1.0,0.0,0.0,0.0,0.0,1.0,0.0,0.0,2.0,2.0,0.0,0.0,0.0,0.0,0.0,0.0,0.0,0.0,0.0,0.3899999999994179,9183.0,0.0,0.0,0.0,0.0,0.0,0.0,0.0,0.0,7.0,1.0
0.0,0.0,1.0,1.0,0.0,1.0,0.0,0.0,4.0,1.0,0.0,0.0,0.0,0.0,0.0,0.0,0.0,0.0,0.0,0.031000000002677552,5069.0,0.0,0.0,0.0,0.0,0.0,0.0,0.0,0.0,-13.5,0.0
0.0,0.0,0.0,1.0,0.0,0.0,0.0,0.0,1.0,0.0,0.0,0.0,0.0,0.0,0.0,0.0,0.0,0.0,0.0,0.26599999999598367,6.0,0.0,0.0,0.0,0.0,0.0,0.0,0.0,0.0,-2.0,0.0
1.0,0.0,0.0,0.0,0.0,1.0,0.0,0.0,0.0,1.0,0.0,0.0,0.0,0.0,0.0,4.0,1.0,0.0,0.0,0.25,8450.0,1.0,0.0,0.0,0.0,0.0,0.0,0.0,0.0,7.5,0.0
1.0,0.0,0.0,0.0,0.0,0.0,0.0,0.0,1.0,9.0,0.0,0.0,0.0,0.0,0.0,1.0,1.0,0.0,0.0,1.2819999999992433,56569.0,2.0,0.0,0.0,0.0,0.0,0.0,0.0,0.0,16.5,1.0
1.0,0.0,0.0,0.0,0.0,1.0,0.0,0.0,2.0,6.0,1.0,4.0,2.0,0.0,0.0,0.0,0.0,1.0,1.0,0.5470000000059372,88624.0,0.0,0.0,0.0,0.0,0.0,0.0,0.0,0.0,31.0,1.0
0.0,0.0,1.0,1.0,0.0,1.0,0.0,0.0,4.0,8.0,0.0,3.0,0.0,9.0,0.0,0.0,0.0,0.0,0.0,0.6559999999954016,13999.0,0.0,0.0,0.0,0.0,0.0,0.0,0.0,0.0,-24.0,0.0
0.0,0.0,1.0,1.0,0.0,1.0,0.0,0.0,4.0,0.0,0.0,0.0,0.0,0.0,0.0,0.0,0.0,0.0,0.0,0.09399999999732245,755.0,0.0,0.0,0.0,0.0,0.0,0.0,0.0,0.0,-15.0,0.0
1.0,0.0,0.0,0.0,0.0,1.0,0.0,0.0,1.0,1.0,0.0,1.0,0.0,0.0,0.0,0.0,0.0,0.0,0.0,0.7030000000013388,6675.0,0.0,0.0,0.0,0.0,0.0,0.0,0.0,0.0,9.5,1.0
1.0,0.0,0.0,0.0,0.0,1.0,0.0,0.0,1.0,1.0,1.0,0.0,0.0,0.0,0.0,0.0,0.0,0.0,0.0,0.7659999999959837,6484.0,0.0,0.0,0.0,0.0,0.0,0.0,0.0,0.0,4.5,0.0
0.0,0.0,0.0,1.0,0.0,0.0,0.0,0.0,1.0,0.0,0.0,0.0,0.0,0.0,0.0,0.0,0.0,0.0,0.0,0.25,6.0,0.0,0.0,0.0,0.0,0.0,0.0,0.0,0.0,-2.0,1.0
1.0,0.0,0.0,0.0,0.0,1.0,0.0,0.0,1.0,0.0,0.0,0.0,0.0,1.0,1.0,0.0,0.0,0.0,0.0,0.3600000000005821,3036.0,0.0,0.0,0.0,0.0,0.0,0.0,0.0,0.0,3.0,1.0
0.0,0.0,0.0,0.0,1.0,1.0,0.0,0.0,2.0,0.0,0.0,0.0,0.0,0.0,0.0,0.0,0.0,0.0,0.0,0.4539999999979045,445.0,0.0,0.0,0.0,0.0,0.0,0.0,0.0,0.0,-4.0,1.0
1.0,0.0,0.0,0.0,0.0,1.0,0.0,0.0,0.0,1.0,0.0,0.0,0.0,0.0,0.0,0.0,0.0,0.0,0.0,1.5789999999979045,13950.0,1.0,0.0,0.0,0.0,0.0,0.0,0.0,0.0,9.5,0.0
1.0,0.0,0.0,0.0,0.0,1.0,0.0,0.0,0.0,1.0,0.0,0.0,0.0,0.0,0.0,4.0,1.0,0.0,0.0,0.25,8444.0,1.0,0.0,0.0,0.0,0.0,0.0,0.0,0.0,7.5,0.0
0.0,0.0,1.0,1.0,0.0,1.0,0.0,0.0,5.0,2.0,0.0,0.0,0.0,0.0,1.0,2.0,1.0,0.0,0.0,0.875,21143.0,0.0,0.0,0.0,0.0,0.0,0.0,0.0,0.0,-14.0,0.0
1.0,0.0,0.0,0.0,0.0,1.0,0.0,0.0,1.0,5.0,0.0,3.0,0.0,0.0,0.0,0.0,0.0,0.0,1.0,0.31300000000192085,11846.0,0.0,0.0,0.0,0.0,0.0,0.0,0.0,0.0,24.5,0.0
0.0,0.0,1.0,1.0,0.0,1.0,0.0,0.0,4.0,1.0,0.0,0.0,0.0,0.0,0.0,0.0,0.0,0.0,0.0,0.0319999999992433,5069.0,0.0,0.0,0.0,0.0,0.0,0.0,0.0,0.0,-13.5,0.0
0.0,0.0,1.0,1.0,0.0,1.0,0.0,0.0,3.0,6.0,1.0,0.0,0.0,0.0,0.0,1.0,1.0,0.0,0.0,0.4379999999946449,39234.0,0.0,0.0,0.0,0.0,0.0,0.0,0.0,0.0,-7.0,0.0
1.0,0.0,0.0,0.0,0.0,1.0,0.0,0.0,1.0,1.0,0.0,1.0,0.0,0.0,0.0,0.0,0.0,0.0,0.0,0.6720000000059372,6675.0,0.0,0.0,0.0,0.0,0.0,0.0,0.0,0.0,9.5,0.0
0.0,0.0,1.0,1.0,0.0,1.0,0.0,0.0,1.0,2.0,0.0,1.0,0.0,0.0,0.0,0.0,0.0,0.0,0.0,0.375,3390.0,0.0,0.0,0.0,0.0,0.0,0.0,0.0,0.0,-4.0,0.0
0.0,0.0,0.0,1.0,0.0,0.0,0.0,0.0,1.0,0.0,0.0,0.0,0.0,0.0,0.0,0.0,0.0,0.0,0.0,0.25,6.0,0.0,0.0,0.0,0.0,0.0,0.0,0.0,0.0,-2.0,0.0
1.0,0.0,0.0,0.0,0.0,1.0,0.0,0.0,1.0,0.0,0.0,0.0,0.0,1.0,1.0,0.0,0.0,0.0,0.0,0.28100000000267755,3036.0,0.0,0.0,0.0,0.0,0.0,0.0,0.0,0.0,3.0,0.0
0.0,0.0,1.0,1.0,0.0,1.0,0.0,0.0,4.0,0.0,0.0,0.0,0.0,0.0,0.0,0.0,0.0,0.0,0.0,0.0940000000045984,755.0,0.0,0.0,0.0,0.0,0.0,0.0,0.0,0.0,-15.0,0.0
0.0,0.0,1.0,1.0,0.0,1.0,0.0,0.0,4.0,7.0,0.0,0.0,1.0,0.0,1.0,0.0,0.0,0.0,0.0,0.3899999999994179,49429.0,0.0,0.0,0.0,0.0,0.0,0.0,0.0,0.0,-0.5,0.0
1.0,0.0,0.0,0.0,0.0,1.0,0.0,0.0,0.0,2.0,0.0,0.0,5.0,0.0,0.0,0.0,0.0,0.0,0.0,0.17199999999866122,9366.0,0.0,0.0,0.0,0.0,0.0,0.0,0.0,0.0,31.0,0.0
0.0,0.0,1.0,1.0,0.0,1.0,0.0,0.0,4.0,1.0,0.0,0.0,0.0,0.0,0.0,0.0,0.0,0.0,0.0,0.046999999998661224,5069.0,0.0,0.0,0.0,0.0,0.0,0.0,0.0,0.0,-13.5,0.0
1.0,0.0,0.0,0.0,0.0,1.0,0.0,0.0,1.0,5.0,0.0,3.0,0.0,0.0,0.0,0.0,0.0,0.0,1.0,0.7809999999954016,11846.0,0.0,0.0,0.0,0.0,0.0,0.0,0.0,0.0,24.5,0.0
1.0,0.0,0.0,0.0,0.0,1.0,0.0,0.0,2.0,5.0,1.0,0.0,0.0,1.0,4.0,0.0,0.0,0.0,0.0,0.2809999999954016,26814.0,0.0,0.0,0.0,0.0,0.0,0.0,0.0,0.0,5.5,0.0
0.0,0.0,0.0,1.0,0.0,1.0,0.0,0.0,1.0,1.0,0.0,1.0,0.0,0.0,0.0,0.0,0.0,0.0,1.0,0.09399999999732245,5665.0,0.0,0.0,0.0,0.0,0.0,0.0,0.0,0.0,9.5,1.0
0.0,0.0,0.0,1.0,0.0,1.0,0.0,0.0,0.0,0.0,0.0,0.0,0.0,0.0,0.0,0.0,0.0,0.0,0.0,0.15600000000267755,127.0,0.0,0.0,0.0,0.0,0.0,0.0,0.0,0.0,3.0,0.0
1.0,0.0,0.0,0.0,0.0,1.0,0.0,0.0,0.0,2.0,0.0,0.0,0.0,0.0,0.0,0.0,0.0,0.0,0.0,0.5310000000026776,5958.0,0.0,0.0,0.0,0.0,0.0,0.0,0.0,0.0,11.0,0.0
1.0,0.0,0.0,0.0,0.0,1.0,0.0,1.0,1.0,3.0,0.0,1.0,14.0,1.0,6.0,10.0,3.0,1.0,1.0,0.6090000000040163,42571.0,0.0,0.0,0.0,0.0,0.0,0.0,0.0,0.0,70.5,0.0
1.0,0.0,0.0,0.0,0.0,1.0,0.0,0.0,1.0,2.0,0.0,0.0,0.0,0.0,1.0,0.0,0.0,1.0,1.0,0.1870000000053551,10945.0,0.0,0.0,0.0,0.0,0.0,0.0,0.0,0.0,14.0,1.0
0.0,0.0,0.0,1.0,0.0,0.0,0.0,0.0,1.0,0.0,0.0,0.0,0.0,0.0,0.0,0.0,0.0,0.0,0.0,0.26599999999598367,6.0,0.0,0.0,0.0,0.0,0.0,0.0,0.0,0.0,-2.0,0.0
0.0,0.0,0.0,1.0,0.0,1.0,0.0,0.0,1.0,1.0,0.0,1.0,0.0,0.0,0.0,0.0,0.0,0.0,0.0,0.09399999999732245,5766.0,0.0,0.0,0.0,0.0,0.0,0.0,0.0,0.0,4.5,1.0
1.0,0.0,0.0,0.0,0.0,1.0,0.0,0.0,1.0,1.0,0.0,1.0,0.0,0.0,0.0,0.0,0.0,0.0,0.0,0.18800000000192085,6675.0,0.0,0.0,0.0,0.0,0.0,0.0,0.0,0.0,9.5,0.0
1.0,0.0,0.0,0.0,0.0,1.0,0.0,0.0,0.0,2.0,0.0,0.0,0.0,0.0,0.0,0.0,0.0,0.0,0.0,0.5160000000032596,5958.0,0.0,0.0,0.0,0.0,0.0,0.0,0.0,0.0,11.0,0.0
1.0,0.0,0.0,0.0,0.0,1.0,0.0,0.0,1.0,2.0,0.0,1.0,2.0,0.0,0.0,0.0,0.0,1.0,1.0,0.17199999999866122,9713.0,0.0,0.0,0.0,0.0,0.0,0.0,0.0,0.0,24.0,0.0
0.0,0.0,0.0,1.0,0.0,0.0,0.0,0.0,1.0,2.0,0.0,1.0,0.0,0.0,0.0,0.0,0.0,0.0,0.0,0.5159999999959837,5717.0,1.0,0.0,0.0,0.0,0.0,0.0,0.0,0.0,3.0,0.0
0.0,0.0,1.0,1.0,0.0,1.0,0.0,0.0,3.0,6.0,1.0,0.0,0.0,0.0,0.0,1.0,1.0,0.0,0.0,0.43699999999807915,39236.0,0.0,0.0,0.0,0.0,0.0,0.0,0.0,0.0,-7.0,0.0
0.0,0.0,0.0,1.0,0.0,1.0,0.0,0.0,1.0,1.0,0.0,1.0,0.0,0.0,0.0,0.0,0.0,0.0,0.0,0.07800000000133878,5802.0,0.0,0.0,0.0,0.0,0.0,0.0,0.0,0.0,4.5,0.0
0.0,0.0,0.0,1.0,0.0,1.0,0.0,0.0,0.0,0.0,0.0,0.0,0.0,0.0,0.0,0.0,0.0,0.0,0.0,0.20300000000133878,127.0,0.0,0.0,0.0,0.0,0.0,0.0,0.0,0.0,3.0,0.0
1.0,0.0,0.0,0.0,0.0,1.0,0.0,0.0,0.0,2.0,0.0,0.0,0.0,0.0,0.0,0.0,0.0,0.0,0.0,0.5149999999994179,5961.0,0.0,0.0,0.0,0.0,0.0,0.0,0.0,0.0,11.0,0.0
1.0,0.0,0.0,0.0,0.0,1.0,0.0,0.0,1.0,0.0,0.0,0.0,0.0,1.0,1.0,0.0,0.0,0.0,0.0,0.2969999999986612,3036.0,0.0,0.0,0.0,0.0,0.0,0.0,0.0,0.0,3.0,0.0
1.0,0.0,0.0,0.0,0.0,1.0,0.0,0.0,1.0,5.0,0.0,3.0,0.0,0.0,0.0,0.0,0.0,0.0,1.0,0.6880000000019209,11945.0,0.0,0.0,0.0,0.0,0.0,0.0,0.0,0.0,24.5,0.0
1.0,0.0,0.0,0.0,0.0,1.0,0.0,0.0,1.0,5.0,0.0,4.0,0.0,0.0,0.0,0.0,0.0,0.0,1.0,0.875,11405.0,0.0,0.0,0.0,0.0,0.0,0.0,0.0,0.0,26.5,1.0
1.0,0.0,0.0,0.0,0.0,1.0,0.0,0.0,1.0,2.0,0.0,1.0,2.0,0.0,0.0,0.0,0.0,1.0,1.0,0.1870000000053551,9716.0,0.0,0.0,0.0,0.0,0.0,0.0,0.0,0.0,24.0,0.0
1.0,0.0,0.0,0.0,0.0,1.0,0.0,0.0,0.0,2.0,0.0,0.0,0.0,0.0,0.0,0.0,0.0,0.0,0.0,0.9530000000013388,23737.0,1.0,0.0,0.0,0.0,0.0,0.0,0.0,0.0,11.0,0.0
1.0,0.0,0.0,0.0,0.0,1.0,0.0,0.0,0.0,2.0,0.0,0.0,0.0,0.0,0.0,0.0,0.0,0.0,0.0,0.4529999999940628,5958.0,0.0,0.0,0.0,0.0,0.0,0.0,0.0,0.0,11.0,0.0
1.0,0.0,0.0,0.0,0.0,1.0,0.0,0.0,2.0,5.0,1.0,0.0,0.0,1.0,4.0,0.0,0.0,0.0,0.0,0.75,26804.0,0.0,0.0,0.0,0.0,0.0,0.0,0.0,0.0,5.5,0.0
0.0,0.0,0.0,1.0,0.0,1.0,0.0,0.0,1.0,1.0,0.0,1.0,0.0,0.0,0.0,0.0,0.0,0.0,0.0,0.09399999999732245,5805.0,0.0,0.0,0.0,0.0,0.0,0.0,0.0,0.0,4.5,0.0
1.0,0.0,0.0,0.0,0.0,1.0,0.0,0.0,3.0,11.0,0.0,0.0,5.0,0.0,0.0,0.0,0.0,0.0,0.0,0.13999999999941792,43725.0,0.0,0.0,0.0,0.0,0.0,0.0,0.0,0.0,38.5,0.0
0.0,0.0,1.0,1.0,0.0,1.0,0.0,0.0,4.0,7.0,0.0,0.0,1.0,0.0,1.0,0.0,0.0,0.0,0.0,0.40600000000267755,49422.0,0.0,0.0,0.0,0.0,0.0,0.0,0.0,0.0,-0.5,0.0
0.0,0.0,0.0,1.0,0.0,0.0,0.0,0.0,1.0,2.0,0.0,1.0,0.0,0.0,0.0,0.0,0.0,0.0,0.0,0.6719999999986612,5717.0,1.0,0.0,0.0,0.0,0.0,0.0,0.0,0.0,3.0,0.0
1.0,0.0,0.0,0.0,0.0,1.0,0.0,0.0,0.0,10.0,0.0,7.0,0.0,0.0,0.0,0.0,0.0,1.0,1.0,0.25,13548.0,0.0,0.0,0.0,0.0,0.0,0.0,0.0,0.0,42.0,1.0
1.0,0.0,0.0,0.0,0.0,1.0,0.0,0.0,0.0,1.0,0.0,0.0,1.0,0.0,0.0,0.0,0.0,0.0,0.0,0.6410000000032596,1544.0,0.0,0.0,0.0,0.0,0.0,0.0,0.0,0.0,13.5,1.0
1.0,0.0,0.0,0.0,0.0,1.0,0.0,0.0,3.0,15.0,0.0,1.0,27.0,16.0,10.0,18.0,10.0,0.0,0.0,1.264999999999418,99990.0,0.0,0.0,0.0,0.0,0.0,0.0,0.0,0.0,86.5,1.0
0.0,0.0,1.0,1.0,0.0,1.0,0.0,0.0,5.0,2.0,0.0,0.0,0.0,0.0,1.0,2.0,1.0,0.0,0.0,0.35900000000401633,21143.0,0.0,0.0,0.0,0.0,0.0,0.0,0.0,0.0,-14.0,0.0
1.0,0.0,0.0,0.0,0.0,1.0,0.0,0.0,2.0,6.0,1.0,4.0,2.0,0.0,0.0,2.0,1.0,1.0,1.0,0.5939999999973224,99997.0,0.0,0.0,0.0,0.0,0.0,0.0,0.0,0.0,31.0,1.0
1.0,0.0,0.0,0.0,0.0,1.0,0.0,0.0,0.0,1.0,0.0,0.0,0.0,0.0,0.0,4.0,1.0,0.0,0.0,0.23500000000058208,8449.0,1.0,0.0,0.0,0.0,0.0,0.0,0.0,0.0,7.5,0.0
1.0,0.0,0.0,0.0,0.0,1.0,0.0,0.0,0.0,5.0,0.0,1.0,19.0,0.0,6.0,0.0,0.0,0.0,0.0,0.2819999999992433,30430.0,0.0,0.0,0.0,0.0,0.0,0.0,0.0,0.0,95.5,1.0
0.0,0.0,1.0,1.0,0.0,1.0,0.0,0.0,2.0,2.0,1.0,0.0,0.0,0.0,0.0,0.0,0.0,0.0,0.0,0.4379999999946449,28213.0,0.0,0.0,0.0,0.0,0.0,0.0,0.0,0.0,-11.0,0.0
1.0,0.0,0.0,0.0,0.0,0.0,1.0,0.0,0.0,8.0,0.0,1.0,6.0,0.0,35.0,0.0,0.0,0.0,0.0,0.5469999999986612,31642.0,1.0,0.0,0.0,0.0,0.0,0.0,0.0,0.0,40.0,0.0
0.0,0.0,0.0,1.0,0.0,0.0,0.0,0.0,1.0,0.0,0.0,0.0,0.0,0.0,0.0,0.0,0.0,0.0,0.0,0.26599999999598367,6.0,0.0,0.0,0.0,0.0,0.0,0.0,0.0,0.0,-2.0,1.0
1.0,0.0,0.0,0.0,0.0,1.0,0.0,0.0,2.0,11.0,0.0,0.0,5.0,0.0,0.0,0.0,0.0,0.0,0.0,0.125,38965.0,0.0,0.0,0.0,0.0,0.0,0.0,0.0,0.0,40.5,0.0
0.0,0.0,1.0,1.0,0.0,1.0,0.0,0.0,4.0,5.0,1.0,2.0,0.0,0.0,0.0,2.0,1.0,0.0,1.0,0.48399999999674037,99996.0,0.0,0.0,0.0,0.0,0.0,0.0,0.0,0.0,-1.5,0.0
1.0,0.0,0.0,0.0,0.0,1.0,0.0,0.0,1.0,1.0,0.0,1.0,0.0,0.0,0.0,0.0,0.0,0.0,0.0,0.17200000000593718,6675.0,0.0,0.0,0.0,0.0,0.0,0.0,0.0,0.0,9.5,0.0
1.0,0.0,0.0,0.0,0.0,1.0,0.0,0.0,1.0,1.0,0.0,0.0,0.0,0.0,0.0,0.0,0.0,0.0,0.0,0.11000000000058208,9698.0,0.0,0.0,0.0,0.0,0.0,0.0,0.0,0.0,7.5,1.0
1.0,0.0,0.0,0.0,0.0,1.0,0.0,0.0,2.0,2.0,0.0,0.0,0.0,0.0,0.0,0.0,0.0,0.0,0.0,0.43800000000192085,9183.0,0.0,0.0,0.0,0.0,0.0,0.0,0.0,0.0,7.0,0.0
1.0,0.0,0.0,0.0,0.0,1.0,0.0,1.0,1.0,3.0,0.0,1.0,13.0,0.0,67.0,9.0,3.0,0.0,0.0,1.1569999999992433,100000.0,0.0,0.0,0.0,0.0,0.0,0.0,0.0,0.0,64.5,1.0
1.0,0.0,0.0,0.0,0.0,1.0,0.0,1.0,1.0,3.0,0.0,1.0,14.0,1.0,6.0,10.0,3.0,1.0,1.0,0.9840000000040163,42619.0,0.0,0.0,0.0,0.0,0.0,0.0,0.0,0.0,70.5,0.0
1.0,0.0,0.0,0.0,0.0,1.0,0.0,0.0,1.0,5.0,0.0,3.0,0.0,0.0,0.0,0.0,0.0,0.0,1.0,0.6880000000019209,11846.0,0.0,0.0,0.0,0.0,0.0,0.0,0.0,0.0,24.5,0.0
1.0,0.0,0.0,0.0,0.0,1.0,0.0,0.0,1.0,0.0,0.0,0.0,0.0,1.0,1.0,0.0,0.0,0.0,0.0,0.3280000000013388,3036.0,0.0,0.0,0.0,0.0,0.0,0.0,0.0,0.0,3.0,0.0
0.0,0.0,1.0,1.0,0.0,1.0,0.0,0.0,2.0,0.0,0.0,0.0,0.0,1.0,1.0,0.0,0.0,0.0,0.0,0.25,1481.0,0.0,0.0,0.0,0.0,0.0,0.0,0.0,0.0,-14.0,0.0
1.0,0.0,0.0,0.0,0.0,1.0,0.0,0.0,1.0,0.0,0.0,0.0,0.0,1.0,1.0,0.0,0.0,0.0,0.0,0.7189999999973224,3036.0,0.0,0.0,0.0,0.0,0.0,0.0,0.0,0.0,3.0,0.0
0.0,0.0,0.0,1.0,0.0,0.0,0.0,0.0,1.0,2.0,0.0,1.0,0.0,0.0,0.0,0.0,0.0,0.0,0.0,0.4529999999940628,5717.0,1.0,0.0,0.0,0.0,0.0,0.0,0.0,0.0,3.0,0.0
1.0,0.0,0.0,0.0,0.0,1.0,0.0,0.0,0.0,2.0,0.0,0.0,0.0,0.0,0.0,0.0,0.0,1.0,1.0,0.40600000000267755,5950.0,0.0,0.0,0.0,0.0,0.0,0.0,0.0,0.0,16.0,1.0
0.0,0.0,1.0,1.0,0.0,1.0,0.0,0.0,1.0,8.0,0.0,3.0,0.0,0.0,0.0,0.0,0.0,0.0,0.0,0.4530000000013388,10847.0,0.0,0.0,0.0,0.0,0.0,0.0,0.0,0.0,9.0,0.0
1.0,0.0,0.0,0.0,0.0,0.0,1.0,0.0,0.0,8.0,0.0,1.0,6.0,0.0,35.0,0.0,0.0,0.0,0.0,0.5470000000059372,31642.0,1.0,0.0,0.0,0.0,0.0,0.0,0.0,0.0,40.0,0.0
1.0,0.0,0.0,0.0,0.0,1.0,0.0,0.0,0.0,1.0,0.0,0.0,0.0,0.0,0.0,0.0,0.0,0.0,1.0,1.0469999999986612,15998.0,1.0,0.0,0.0,0.0,0.0,0.0,0.0,0.0,14.5,1.0
1.0,0.0,0.0,0.0,0.0,0.0,1.0,0.0,0.0,8.0,0.0,1.0,6.0,0.0,35.0,0.0,0.0,0.0,0.0,1.1719999999986612,31642.0,1.0,0.0,0.0,0.0,0.0,0.0,0.0,0.0,40.0,0.0
1.0,0.0,0.0,0.0,0.0,1.0,0.0,0.0,1.0,9.0,0.0,5.0,1.0,0.0,32.0,0.0,0.0,1.0,1.0,0.9219999999986612,65798.0,0.0,0.0,0.0,0.0,0.0,0.0,0.0,0.0,40.5,1.0
0.0,0.0,0.0,1.0,0.0,1.0,0.0,0.0,0.0,0.0,0.0,0.0,0.0,0.0,0.0,0.0,0.0,0.0,0.0,0.17199999999866122,127.0,0.0,0.0,0.0,0.0,0.0,0.0,0.0,0.0,3.0,0.0
1.0,0.0,0.0,0.0,0.0,1.0,0.0,0.0,0.0,1.0,0.0,0.0,0.0,0.0,0.0,0.0,0.0,0.0,0.0,1.6719999999986612,15998.0,1.0,0.0,0.0,0.0,0.0,0.0,0.0,0.0,9.5,0.0
0.0,0.0,0.0,1.0,0.0,1.0,0.0,0.0,1.0,1.0,0.0,1.0,0.0,0.0,0.0,0.0,0.0,0.0,0.0,0.10999999998603016,5729.0,0.0,0.0,0.0,0.0,0.0,0.0,0.0,3363.0,4.5,0.0
0.0,0.0,0.0,1.0,0.0,1.0,0.0,0.0,0.0,0.0,0.0,0.0,0.0,0.0,0.0,0.0,0.0,0.0,0.0,0.125,0.0,0.0,0.0,0.0,0.0,0.0,0.0,0.0,0.0,3.0,0.0
1.0,0.0,0.0,0.0,0.0,1.0,0.0,0.0,1.0,2.0,1.0,2.0,0.0,0.0,0.0,0.0,0.0,0.0,1.0,0.17199999999138527,2752.0,0.0,0.0,0.0,0.0,0.0,1.0,0.0,0.0,19.0,1.0
0.0,0.0,0.0,1.0,0.0,1.0,0.0,0.0,0.0,1.0,0.0,1.0,0.0,0.0,0.0,0.0,0.0,0.0,0.0,0.0629999999946449,893.0,0.0,0.0,0.0,0.0,0.0,0.0,0.0,0.0,6.5,1.0
0.0,0.0,0.0,1.0,0.0,1.0,0.0,0.0,1.0,2.0,0.0,1.0,0.0,0.0,0.0,0.0,0.0,0.0,0.0,0.25,5762.0,0.0,0.0,0.0,0.0,0.0,0.0,0.0,3396.0,6.0,0.0
0.0,0.0,0.0,1.0,0.0,1.0,0.0,0.0,1.0,1.0,0.0,1.0,0.0,0.0,0.0,0.0,0.0,0.0,0.0,0.09400000001187436,3338.0,0.0,0.0,0.0,0.0,0.0,0.0,0.0,995.0,4.5,1.0
0.0,0.0,1.0,1.0,0.0,1.0,0.0,0.0,2.0,8.0,0.0,3.0,0.0,5.0,0.0,0.0,0.0,0.0,0.0,0.28200000000651926,12399.0,0.0,0.0,0.0,0.0,0.0,0.0,2.0,1925.0,-8.0,0.0
1.0,0.0,0.0,0.0,0.0,1.0,0.0,0.0,1.0,3.0,0.0,0.0,0.0,0.0,0.0,1.0,1.0,0.0,0.0,0.39100000000325963,10313.0,0.0,0.0,0.0,0.0,0.0,0.0,1.0,1527.0,10.5,0.0
0.0,0.0,1.0,1.0,0.0,1.0,0.0,0.0,2.0,0.0,0.0,0.0,0.0,1.0,1.0,0.0,0.0,0.0,0.0,0.40700000000651926,1481.0,0.0,0.0,0.0,0.0,0.0,0.0,0.0,52.0,-14.0,0.0
1.0,0.0,0.0,0.0,0.0,1.0,0.0,0.0,2.0,2.0,0.0,0.0,0.0,0.0,0.0,0.0,0.0,0.0,0.0,0.42199999999138527,5989.0,0.0,0.0,0.0,0.0,0.0,0.0,0.0,0.0,7.0,1.0
1.0,0.0,0.0,0.0,0.0,1.0,0.0,0.0,1.0,0.0,0.0,0.0,0.0,1.0,1.0,0.0,0.0,0.0,0.0,0.3129999999946449,3036.0,0.0,0.0,0.0,0.0,0.0,0.0,0.0,1707.0,3.0,0.0
0.0,0.0,1.0,1.0,0.0,1.0,0.0,0.0,0.0,8.0,0.0,3.0,0.0,0.0,0.0,0.0,0.0,0.0,0.0,0.25,5159.0,0.0,0.0,0.0,0.0,0.0,0.0,0.0,0.0,11.0,0.0
0.0,0.0,0.0,1.0,0.0,0.0,0.0,0.0,1.0,2.0,0.0,1.0,0.0,0.0,0.0,0.0,0.0,0.0,0.0,0.5160000000032596,5717.0,1.0,0.0,0.0,0.0,0.0,0.0,0.0,3351.0,3.0,0.0
1.0,0.0,0.0,0.0,0.0,1.0,0.0,0.0,0.0,5.0,0.0,2.0,0.0,0.0,0.0,0.0,0.0,1.0,0.0,0.5320000000065193,17412.0,0.0,0.0,0.0,0.0,0.0,0.0,0.0,0.0,19.5,1.0
0.0,0.0,1.0,1.0,0.0,1.0,0.0,0.0,0.0,0.0,0.0,0.0,0.0,0.0,0.0,0.0,0.0,0.0,0.0,0.6099999999860302,94.0,0.0,0.0,0.0,0.0,0.0,0.0,0.0,0.0,-7.0,0.0
1.0,0.0,0.0,0.0,0.0,1.0,0.0,0.0,2.0,2.0,0.0,0.0,0.0,0.0,0.0,0.0,0.0,0.0,0.0,0.40700000000651926,9428.0,0.0,0.0,0.0,0.0,0.0,0.0,0.0,0.0,7.0,0.0
1.0,0.0,0.0,0.0,0.0,1.0,0.0,1.0,1.0,3.0,0.0,1.0,13.0,1.0,6.0,10.0,3.0,1.0,1.0,0.5469999999913853,42849.0,0.0,0.0,0.0,0.0,0.0,1.0,48.0,2981.0,70.5,0.0
1.0,0.0,0.0,0.0,0.0,1.0,0.0,1.0,1.0,3.0,0.0,1.0,13.0,1.0,6.0,10.0,3.0,1.0,1.0,0.7660000000032596,42897.0,0.0,0.0,0.0,0.0,0.0,1.0,48.0,2987.0,70.5,0.0
1.0,0.0,0.0,0.0,0.0,1.0,0.0,0.0,1.0,5.0,0.0,3.0,0.0,0.0,0.0,0.0,0.0,0.0,1.0,0.7820000000065193,11945.0,0.0,0.0,0.0,0.0,0.0,1.0,0.0,3310.0,28.5,0.0
1.0,0.0,0.0,0.0,0.0,1.0,0.0,0.0,0.0,1.0,0.0,0.0,0.0,0.0,0.0,0.0,0.0,0.0,0.0,0.1870000000053551,6890.0,1.0,0.0,0.0,0.0,0.0,0.0,0.0,869.0,9.5,0.0
0.0,0.0,1.0,1.0,0.0,1.0,0.0,0.0,5.0,2.0,0.0,0.0,0.0,0.0,1.0,2.0,1.0,0.0,0.0,0.8910000000032596,21143.0,0.0,0.0,0.0,0.0,0.0,0.0,2.0,7520.0,-14.0,0.0
1.0,0.0,0.0,0.0,0.0,1.0,0.0,0.0,0.0,1.0,0.0,0.0,0.0,0.0,0.0,0.0,0.0,0.0,0.0,0.9219999999913853,1872.0,0.0,0.0,0.0,0.0,0.0,0.0,0.0,117.0,9.5,0.0
0.0,0.0,1.0,1.0,0.0,1.0,0.0,0.0,4.0,1.0,0.0,0.0,0.0,0.0,0.0,0.0,0.0,0.0,0.0,0.39000000001396984,5069.0,0.0,0.0,0.0,0.0,0.0,0.0,3.0,616.0,-13.5,0.0
0.0,0.0,1.0,1.0,0.0,1.0,0.0,0.0,3.0,5.0,0.0,3.0,0.0,0.0,0.0,0.0,0.0,0.0,0.0,0.7179999999934807,14515.0,1.0,0.0,0.0,0.0,0.0,0.0,3.0,5670.0,0.5,0.0
0.0,0.0,1.0,1.0,0.0,1.0,0.0,0.0,2.0,0.0,0.0,0.0,0.0,1.0,1.0,0.0,0.0,0.0,0.0,0.235000000015134,1481.0,0.0,0.0,0.0,0.0,0.0,0.0,0.0,52.0,-14.0,0.0
0.0,0.0,0.0,1.0,0.0,1.0,0.0,0.0,1.0,1.0,0.0,1.0,0.0,0.0,0.0,0.0,0.0,0.0,0.0,0.046999999991385266,5762.0,0.0,0.0,0.0,0.0,0.0,0.0,0.0,3396.0,4.5,0.0
1.0,0.0,0.0,0.0,0.0,1.0,0.0,0.0,0.0,15.0,0.0,2.0,0.0,0.0,0.0,0.0,0.0,1.0,1.0,0.1409999999741558,45482.0,0.0,0.0,0.0,1.0,0.0,1.0,0.0,31556.0,49.5,1.0
1.0,0.0,0.0,0.0,0.0,1.0,0.0,0.0,0.0,9.0,0.0,2.0,0.0,0.0,1.0,1.0,1.0,1.0,1.0,0.8129999999946449,21991.0,0.0,0.0,0.0,0.0,1.0,1.0,5.0,1798.0,39.5,1.0
0.0,0.0,1.0,1.0,0.0,1.0,0.0,0.0,4.0,5.0,1.0,2.0,0.0,0.0,0.0,2.0,1.0,0.0,1.0,0.46899999998277053,99996.0,0.0,0.0,0.0,0.0,0.0,1.0,64.0,2946.0,2.5,0.0
0.0,0.0,0.0,1.0,0.0,1.0,0.0,0.0,0.0,0.0,0.0,0.0,0.0,0.0,0.0,0.0,0.0,0.0,0.0,0.17199999999138527,127.0,0.0,0.0,0.0,0.0,0.0,0.0,0.0,55.0,3.0,1.0
1.0,0.0,0.0,0.0,0.0,1.0,0.0,0.0,0.0,1.0,0.0,0.0,0.0,0.0,0.0,4.0,1.0,0.0,0.0,0.1879999999946449,8444.0,1.0,0.0,0.0,0.0,0.0,0.0,0.0,1022.0,7.5,0.0
1.0,0.0,0.0,0.0,0.0,1.0,0.0,0.0,1.0,5.0,0.0,3.0,0.0,0.0,0.0,0.0,0.0,0.0,1.0,0.7039999999979045,11879.0,0.0,0.0,0.0,0.0,0.0,1.0,0.0,3310.0,28.5,0.0
0.0,0.0,1.0,1.0,0.0,1.0,0.0,0.0,1.0,2.0,0.0,1.0,0.0,0.0,0.0,0.0,0.0,0.0,0.0,0.34400000001187436,3390.0,0.0,0.0,0.0,0.0,0.0,0.0,0.0,0.0,-4.0,0.0
0.0,0.0,0.0,1.0,0.0,1.0,0.0,0.0,1.0,0.0,0.0,0.0,0.0,0.0,1.0,0.0,0.0,0.0,0.0,1.5,24970.0,0.0,0.0,0.0,0.0,0.0,0.0,0.0,3560.0,1.0,0.0
1.0,0.0,0.0,0.0,0.0,1.0,0.0,0.0,2.0,11.0,0.0,0.0,5.0,0.0,0.0,0.0,0.0,0.0,0.0,0.09399999998277053,33217.0,0.0,0.0,0.0,0.0,0.0,0.0,0.0,28711.0,40.5,0.0
0.0,0.0,1.0,1.0,0.0,1.0,0.0,0.0,2.0,0.0,0.0,0.0,0.0,1.0,1.0,0.0,0.0,0.0,0.0,0.28200000000651926,1481.0,0.0,0.0,0.0,0.0,0.0,0.0,0.0,52.0,-14.0,0.0
0.0,0.0,0.0,1.0,0.0,1.0,0.0,0.0,0.0,0.0,0.0,0.0,0.0,0.0,0.0,0.0,0.0,0.0,0.0,0.17199999999138527,127.0,0.0,0.0,0.0,0.0,0.0,0.0,0.0,55.0,3.0,0.0
1.0,0.0,0.0,0.0,0.0,0.0,1.0,0.0,4.0,11.0,0.0,1.0,51.0,0.0,53.0,0.0,0.0,0.0,0.0,1.375,83486.0,1.0,0.0,0.0,0.0,0.0,0.0,83.0,31474.0,216.5,0.0
1.0,0.0,0.0,0.0,0.0,1.0,0.0,0.0,0.0,9.0,0.0,5.0,0.0,0.0,0.0,0.0,0.0,1.0,1.0,0.3289999999979045,10958.0,0.0,0.0,0.0,0.0,0.0,1.0,1.0,785.0,40.5,1.0
1.0,0.0,0.0,0.0,0.0,1.0,0.0,0.0,0.0,9.0,0.0,2.0,0.0,0.0,1.0,1.0,1.0,1.0,1.0,0.75,21973.0,0.0,0.0,0.0,0.0,1.0,1.0,5.0,1765.0,39.5,1.0
1.0,0.0,0.0,0.0,0.0,1.0,0.0,0.0,3.0,15.0,0.0,1.0,27.0,16.0,10.0,18.0,10.0,0.0,0.0,1.875,99990.0,0.0,0.0,0.0,0.0,0.0,0.0,275.0,39585.0,86.5,1.0
0.0,0.0,1.0,1.0,0.0,1.0,0.0,0.0,2.0,6.0,0.0,0.0,1.0,0.0,0.0,0.0,0.0,0.0,0.0,0.4379999999946449,35040.0,0.0,0.0,0.0,0.0,0.0,0.0,0.0,0.0,2.0,0.0
1.0,0.0,0.0,0.0,0.0,1.0,0.0,0.0,0.0,1.0,0.0,1.0,0.0,0.0,0.0,0.0,0.0,0.0,0.0,0.6719999999913853,4113.0,0.0,0.0,0.0,0.0,0.0,0.0,0.0,0.0,11.5,0.0
0.0,0.0,0.0,1.0,0.0,1.0,0.0,0.0,1.0,1.0,0.0,1.0,0.0,0.0,0.0,0.0,0.0,0.0,0.0,0.031000000017229468,5753.0,0.0,0.0,0.0,0.0,0.0,0.0,0.0,3387.0,4.5,1.0
1.0,0.0,0.0,0.0,0.0,1.0,0.0,0.0,0.0,2.0,0.0,0.0,0.0,0.0,0.0,0.0,0.0,0.0,0.0,0.8429999999934807,23958.0,1.0,0.0,0.0,0.0,0.0,0.0,0.0,0.0,11.0,0.0
1.0,0.0,0.0,0.0,0.0,0.0,0.0,1.0,2.0,2.0,0.0,1.0,0.0,0.0,0.0,0.0,0.0,0.0,0.0,1.0469999999913853,69602.0,1.0,0.0,0.0,0.0,0.0,0.0,0.0,46451.0,6.0,0.0
1.0,0.0,0.0,0.0,0.0,1.0,0.0,0.0,0.0,1.0,0.0,0.0,0.0,0.0,0.0,4.0,1.0,0.0,0.0,0.17199999999138527,8438.0,1.0,0.0,0.0,0.0,0.0,0.0,0.0,1022.0,7.5,1.0
1.0,0.0,0.0,0.0,0.0,1.0,0.0,0.0,2.0,4.0,0.0,1.0,1.0,0.0,0.0,0.0,0.0,0.0,1.0,1.2030000000086147,16379.0,0.0,0.0,0.0,0.0,0.0,0.0,0.0,0.0,21.0,1.0
1.0,0.0,0.0,0.0,0.0,1.0,0.0,0.0,1.0,0.0,0.0,0.0,0.0,1.0,1.0,0.0,0.0,0.0,0.0,0.26500000001396984,3036.0,0.0,0.0,0.0,0.0,0.0,0.0,0.0,1707.0,3.0,0.0
1.0,0.0,0.0,0.0,0.0,1.0,0.0,0.0,2.0,4.0,0.0,2.0,0.0,0.0,0.0,0.0,0.0,1.0,1.0,1.9530000000086147,59315.0,0.0,0.0,0.0,0.0,0.0,1.0,0.0,0.0,23.0,1.0
0.0,0.0,1.0,1.0,0.0,1.0,0.0,0.0,3.0,5.0,0.0,0.0,0.0,0.0,0.0,0.0,0.0,0.0,0.0,1.7190000000118744,38045.0,0.0,0.0,0.0,0.0,0.0,0.0,0.0,0.0,-5.5,0.0
1.0,0.0,0.0,0.0,0.0,0.0,0.0,0.0,1.0,1.0,0.0,0.0,0.0,0.0,0.0,0.0,0.0,0.0,0.0,0.3129999999946449,13.0,0.0,0.0,0.0,0.0,0.0,0.0,0.0,13.0,4.5,0.0
1.0,0.0,0.0,0.0,0.0,0.0,1.0,0.0,4.0,11.0,0.0,1.0,51.0,0.0,53.0,0.0,0.0,0.0,0.0,1.3910000000032596,83486.0,1.0,0.0,0.0,0.0,0.0,0.0,83.0,31474.0,216.5,0.0
0.0,0.0,1.0,1.0,0.0,1.0,0.0,0.0,3.0,7.0,0.0,3.0,2.0,1.0,1.0,5.0,4.0,0.0,1.0,0.6560000000172295,27880.0,1.0,0.0,0.0,0.0,0.0,0.0,36.0,13371.0,11.5,0.0
0.0,0.0,1.0,1.0,0.0,1.0,0.0,0.0,8.0,9.0,0.0,0.0,1.0,2.0,1.0,1.0,1.0,0.0,0.0,1.3280000000086147,99964.0,0.0,0.0,0.0,0.0,0.0,0.0,61.0,3150.0,-11.5,0.0
0.0,0.0,1.0,1.0,0.0,1.0,0.0,0.0,3.0,5.0,0.0,3.0,0.0,0.0,0.0,0.0,0.0,0.0,0.0,0.6400000000139698,14482.0,1.0,0.0,0.0,0.0,0.0,0.0,3.0,5659.0,0.5,1.0
1.0,0.0,0.0,0.0,0.0,0.0,0.0,1.0,2.0,2.0,0.0,1.0,0.0,0.0,0.0,0.0,0.0,1.0,1.0,0.9690000000118744,86426.0,1.0,0.0,0.0,0.0,0.0,0.0,1.0,53021.0,11.0,1.0
1.0,0.0,0.0,0.0,0.0,1.0,0.0,0.0,0.0,1.0,0.0,0.0,0.0,0.0,0.0,4.0,1.0,0.0,0.0,0.20399999999790452,8434.0,1.0,0.0,0.0,0.0,0.0,0.0,0.0,1022.0,7.5,1.0
1.0,0.0,0.0,0.0,0.0,0.0,1.0,0.0,0.0,8.0,0.0,1.0,6.0,0.0,35.0,0.0,0.0,0.0,0.0,0.625,31642.0,1.0,0.0,0.0,0.0,0.0,0.0,77.0,7336.0,40.0,0.0
0.0,0.0,0.0,1.0,0.0,1.0,0.0,0.0,1.0,1.0,0.0,1.0,0.0,0.0,0.0,0.0,0.0,0.0,0.0,0.10899999999674037,5796.0,0.0,0.0,0.0,0.0,0.0,0.0,0.0,3430.0,4.5,0.0
1.0,0.0,0.0,0.0,0.0,1.0,0.0,0.0,3.0,2.0,0.0,0.0,0.0,0.0,0.0,0.0,0.0,0.0,0.0,0.4379999999946449,12519.0,0.0,0.0,0.0,0.0,0.0,0.0,0.0,0.0,5.0,0.0
0.0,0.0,1.0,1.0,0.0,1.0,0.0,0.0,3.0,7.0,0.0,3.0,2.0,1.0,1.0,5.0,4.0,1.0,1.0,0.6089999999967404,27871.0,1.0,0.0,0.0,0.0,0.0,0.0,36.0,13371.0,11.5,1.0
0.0,0.0,0.0,1.0,0.0,0.0,0.0,0.0,1.0,2.0,0.0,1.0,0.0,0.0,0.0,0.0,0.0,0.0,0.0,0.5629999999946449,5717.0,1.0,0.0,0.0,0.0,0.0,0.0,0.0,3351.0,3.0,0.0
0.0,0.0,1.0,1.0,0.0,1.0,0.0,0.0,0.0,8.0,0.0,3.0,0.0,0.0,0.0,0.0,0.0,0.0,0.0,0.3120000000053551,6759.0,0.0,0.0,0.0,0.0,0.0,0.0,0.0,782.0,11.0,0.0
0.0,0.0,1.0,1.0,0.0,1.0,0.0,0.0,3.0,5.0,0.0,3.0,0.0,0.0,0.0,0.0,0.0,0.0,0.0,0.7340000000258442,14506.0,1.0,0.0,0.0,0.0,0.0,0.0,3.0,5667.0,0.5,0.0
0.0,0.0,1.0,1.0,0.0,1.0,0.0,0.0,2.0,1.0,0.0,0.0,0.0,0.0,0.0,0.0,0.0,0.0,0.0,2.0940000000118744,40054.0,0.0,0.0,0.0,0.0,0.0,0.0,0.0,0.0,-9.5,0.0
0.0,0.0,1.0,1.0,0.0,1.0,0.0,0.0,4.0,0.0,0.0,0.0,0.0,0.0,0.0,0.0,0.0,0.0,0.0,0.1870000000053551,755.0,0.0,0.0,0.0,0.0,0.0,0.0,0.0,0.0,-15.0,0.0
0.0,0.0,0.0,1.0,0.0,1.0,0.0,0.0,1.0,1.0,0.0,1.0,0.0,0.0,0.0,0.0,0.0,0.0,0.0,0.0779999999795109,5726.0,0.0,0.0,0.0,0.0,0.0,0.0,0.0,3360.0,4.5,0.0
0.0,0.0,0.0,1.0,0.0,1.0,0.0,0.0,1.0,1.0,0.0,1.0,0.0,0.0,0.0,0.0,0.0,0.0,0.0,0.09400000001187436,5756.0,0.0,0.0,0.0,0.0,0.0,0.0,0.0,3390.0,4.5,0.0
0.0,0.0,1.0,1.0,0.0,1.0,0.0,0.0,5.0,2.0,0.0,0.0,0.0,0.0,1.0,2.0,1.0,0.0,0.0,0.7970000000204891,21143.0,0.0,0.0,0.0,0.0,0.0,0.0,2.0,7520.0,-14.0,0.0
0.0,0.0,1.0,1.0,0.0,1.0,0.0,0.0,2.0,2.0,0.0,0.0,0.0,0.0,0.0,0.0,0.0,0.0,0.0,0.6099999999860302,14504.0,0.0,0.0,0.0,0.0,0.0,0.0,0.0,0.0,-8.0,0.0
0.0,0.0,1.0,1.0,0.0,1.0,0.0,0.0,1.0,2.0,0.0,1.0,0.0,0.0,0.0,0.0,0.0,0.0,0.0,0.35899999999674037,3390.0,0.0,0.0,0.0,0.0,0.0,0.0,0.0,0.0,-4.0,0.0
0.0,0.0,0.0,1.0,0.0,1.0,0.0,0.0,0.0,0.0,0.0,0.0,0.0,0.0,0.0,0.0,0.0,0.0,0.0,0.21899999998277053,127.0,0.0,0.0,0.0,0.0,0.0,0.0,0.0,55.0,3.0,0.0
1.0,0.0,0.0,0.0,0.0,0.0,1.0,0.0,0.0,8.0,0.0,1.0,6.0,0.0,35.0,0.0,0.0,0.0,0.0,1.4210000000020955,31642.0,1.0,0.0,0.0,0.0,0.0,0.0,77.0,7336.0,40.0,0.0
1.0,0.0,0.0,0.0,0.0,1.0,0.0,0.0,2.0,2.0,0.0,0.0,0.0,0.0,0.0,0.0,0.0,0.0,0.0,0.46900000001187436,8771.0,0.0,0.0,0.0,0.0,0.0,0.0,0.0,0.0,7.0,0.0
1.0,0.0,0.0,0.0,0.0,1.0,0.0,0.0,2.0,3.0,0.0,0.0,0.0,0.0,0.0,1.0,1.0,0.0,0.0,0.34400000001187436,10313.0,0.0,0.0,0.0,0.0,0.0,0.0,1.0,1527.0,8.5,0.0
1.0,0.0,0.0,0.0,0.0,0.0,0.0,0.0,0.0,4.0,0.0,0.0,1.0,0.0,1.0,0.0,0.0,1.0,0.0,0.3129999999946449,2050.0,0.0,0.0,0.0,0.0,0.0,1.0,15.0,153.0,19.0,1.0
0.0,0.0,1.0,1.0,0.0,1.0,0.0,0.0,1.0,1.0,0.0,0.0,0.0,0.0,0.0,0.0,0.0,0.0,0.0,0.7969999999913853,9192.0,0.0,0.0,0.0,0.0,0.0,0.0,0.0,0.0,-7.5,0.0
1.0,0.0,0.0,0.0,0.0,1.0,0.0,0.0,0.0,1.0,0.0,0.0,0.0,0.0,0.0,0.0,0.0,0.0,0.0,0.7030000000086147,1872.0,0.0,0.0,0.0,0.0,0.0,0.0,0.0,117.0,9.5,1.0
0.0,0.0,1.0,1.0,0.0,1.0,0.0,0.0,4.0,6.0,0.0,0.0,1.0,0.0,1.0,0.0,0.0,0.0,0.0,0.5159999999741558,44521.0,0.0,0.0,0.0,0.0,0.0,0.0,2.0,8497.0,-2.0,0.0
0.0,0.0,0.0,1.0,0.0,1.0,0.0,0.0,1.0,1.0,0.0,1.0,0.0,0.0,0.0,0.0,0.0,0.0,0.0,0.09399999998277053,5777.0,0.0,0.0,0.0,0.0,0.0,0.0,0.0,3411.0,4.5,0.0
0.0,0.0,0.0,1.0,0.0,1.0,0.0,0.0,0.0,0.0,0.0,0.0,0.0,0.0,0.0,0.0,0.0,0.0,0.0,0.1870000000053551,0.0,0.0,0.0,0.0,0.0,0.0,0.0,0.0,0.0,3.0,0.0
1.0,0.0,0.0,0.0,0.0,1.0,0.0,0.0,0.0,1.0,0.0,0.0,0.0,0.0,0.0,4.0,1.0,0.0,0.0,0.3120000000053551,8448.0,1.0,0.0,0.0,0.0,0.0,0.0,0.0,1022.0,7.5,0.0
1.0,0.0,0.0,0.0,0.0,1.0,0.0,0.0,2.0,5.0,1.0,0.0,0.0,1.0,4.0,0.0,0.0,0.0,0.0,0.5629999999946449,26814.0,0.0,0.0,0.0,0.0,0.0,0.0,73.0,6389.0,5.5,0.0
1.0,0.0,0.0,0.0,0.0,1.0,0.0,0.0,0.0,1.0,0.0,0.0,0.0,0.0,0.0,0.0,0.0,0.0,0.0,0.9220000000204891,22788.0,1.0,0.0,0.0,0.0,0.0,0.0,0.0,0.0,9.5,0.0
0.0,0.0,1.0,1.0,0.0,1.0,0.0,0.0,4.0,5.0,1.0,2.0,0.0,0.0,0.0,2.0,1.0,0.0,1.0,0.5470000000204891,99996.0,0.0,0.0,0.0,0.0,0.0,1.0,64.0,2946.0,2.5,0.0
1.0,0.0,0.0,0.0,0.0,0.0,0.0,0.0,1.0,1.0,0.0,0.0,0.0,0.0,0.0,0.0,0.0,0.0,0.0,0.28200000000651926,13.0,0.0,0.0,0.0,0.0,0.0,0.0,0.0,13.0,4.5,0.0
1.0,0.0,0.0,0.0,0.0,1.0,0.0,0.0,2.0,11.0,0.0,0.0,5.0,0.0,0.0,0.0,0.0,0.0,0.0,0.15700000000651926,38967.0,0.0,0.0,0.0,0.0,0.0,0.0,0.0,34461.0,40.5,0.0
1.0,0.0,0.0,0.0,0.0,1.0,0.0,0.0,2.0,2.0,0.0,0.0,0.0,0.0,0.0,0.0,0.0,0.0,0.0,0.4539999999979045,12522.0,0.0,0.0,0.0,0.0,0.0,0.0,0.0,0.0,7.0,0.0
0.0,0.0,1.0,1.0,0.0,1.0,0.0,0.0,8.0,9.0,0.0,0.0,1.0,2.0,1.0,1.0,1.0,0.0,0.0,1.5310000000172295,99964.0,0.0,0.0,0.0,0.0,0.0,0.0,61.0,3156.0,-11.5,0.0
1.0,0.0,0.0,0.0,0.0,1.0,0.0,0.0,2.0,5.0,1.0,0.0,0.0,1.0,4.0,0.0,0.0,0.0,0.0,0.45300000000861473,26810.0,0.0,0.0,0.0,0.0,0.0,0.0,73.0,6389.0,5.5,0.0
1.0,0.0,0.0,0.0,0.0,1.0,0.0,0.0,0.0,1.0,0.0,0.0,0.0,0.0,0.0,0.0,0.0,0.0,0.0,0.9059999999881256,1872.0,0.0,0.0,0.0,0.0,0.0,0.0,0.0,117.0,9.5,0.0
0.0,0.0,0.0,1.0,0.0,1.0,0.0,0.0,0.0,0.0,0.0,0.0,0.0,0.0,0.0,0.0,0.0,0.0,0.0,0.10899999999674037,0.0,0.0,0.0,0.0,0.0,0.0,0.0,0.0,0.0,3.0,0.0
0.0,0.0,1.0,1.0,0.0,1.0,0.0,0.0,2.0,2.0,1.0,0.0,0.0,0.0,0.0,0.0,0.0,0.0,0.0,1.6559999999881256,24475.0,0.0,0.0,0.0,0.0,0.0,0.0,0.0,0.0,-11.0,0.0
1.0,0.0,0.0,0.0,0.0,1.0,0.0,0.0,2.0,5.0,1.0,0.0,0.0,1.0,4.0,0.0,0.0,0.0,0.0,0.28100000001722947,26806.0,0.0,0.0,0.0,0.0,0.0,0.0,73.0,6389.0,5.5,0.0
0.0,0.0,1.0,1.0,0.0,1.0,0.0,0.0,5.0,2.0,0.0,0.0,0.0,0.0,1.0,2.0,1.0,0.0,0.0,0.35999999998603016,21143.0,0.0,0.0,0.0,0.0,0.0,0.0,2.0,7520.0,-14.0,0.0
0.0,0.0,0.0,0.0,1.0,1.0,0.0,0.0,2.0,2.0,0.0,1.0,0.0,0.0,0.0,0.0,0.0,0.0,0.0,1.1099999999860302,23426.0,0.0,0.0,0.0,0.0,0.0,0.0,0.0,0.0,1.0,0.0
1.0,0.0,0.0,0.0,0.0,1.0,0.0,0.0,1.0,1.0,0.0,1.0,0.0,0.0,0.0,0.0,0.0,0.0,0.0,0.7030000000086147,5484.0,0.0,0.0,0.0,0.0,0.0,0.0,0.0,0.0,9.5,0.0
0.0,0.0,0.0,1.0,0.0,1.0,0.0,0.0,0.0,0.0,0.0,0.0,0.0,0.0,0.0,0.0,0.0,0.0,0.0,0.125,0.0,0.0,0.0,0.0,0.0,0.0,0.0,0.0,0.0,3.0,0.0
0.0,0.0,0.0,1.0,0.0,1.0,0.0,0.0,1.0,1.0,0.0,1.0,0.0,0.0,0.0,0.0,0.0,0.0,0.0,0.09299999999348074,5753.0,0.0,0.0,0.0,0.0,0.0,0.0,0.0,3387.0,4.5,0.0
1.0,0.0,0.0,0.0,0.0,1.0,0.0,0.0,0.0,2.0,0.0,0.0,0.0,0.0,0.0,0.0,0.0,0.0,0.0,0.3120000000053551,5963.0,0.0,0.0,0.0,0.0,0.0,1.0,0.0,1428.0,15.0,0.0
0.0,0.0,1.0,1.0,0.0,1.0,0.0,0.0,4.0,1.0,0.0,0.0,0.0,0.0,0.0,0.0,0.0,0.0,0.0,0.9059999999881256,5069.0,0.0,0.0,0.0,0.0,0.0,0.0,3.0,616.0,-13.5,0.0
0.0,0.0,1.0,1.0,0.0,1.0,0.0,0.0,3.0,7.0,0.0,3.0,1.0,0.0,1.0,3.0,2.0,0.0,1.0,1.6719999999913853,11637.0,1.0,0.0,0.0,0.0,0.0,0.0,7.0,4102.0,10.5,0.0
0.0,0.0,0.0,1.0,0.0,1.0,0.0,0.0,1.0,0.0,0.0,0.0,0.0,0.0,1.0,0.0,0.0,0.0,0.0,0.1409999999741558,24952.0,0.0,0.0,0.0,0.0,0.0,0.0,0.0,3542.0,1.0,1.0
0.0,0.0,0.0,1.0,0.0,1.0,0.0,0.0,1.0,1.0,0.0,1.0,0.0,0.0,0.0,0.0,0.0,0.0,0.0,0.09399999998277053,1459.0,0.0,0.0,0.0,0.0,0.0,0.0,0.0,0.0,4.5,0.0
0.0,0.0,1.0,1.0,0.0,1.0,0.0,0.0,1.0,3.0,0.0,0.0,0.0,0.0,0.0,0.0,0.0,0.0,0.0,1.25,70350.0,0.0,0.0,0.0,0.0,0.0,0.0,0.0,0.0,-4.5,0.0
0.0,0.0,0.0,1.0,0.0,1.0,0.0,0.0,1.0,1.0,0.0,1.0,0.0,0.0,0.0,0.0,0.0,0.0,0.0,0.09400000001187436,5784.0,0.0,0.0,0.0,0.0,0.0,0.0,0.0,3418.0,4.5,1.0
0.0,0.0,1.0,1.0,0.0,1.0,0.0,0.0,4.0,0.0,0.0,0.0,0.0,0.0,0.0,0.0,0.0,0.0,0.0,0.125,755.0,0.0,0.0,0.0,0.0,0.0,0.0,0.0,0.0,-15.0,0.0
0.0,0.0,1.0,1.0,0.0,1.0,0.0,0.0,0.0,0.0,0.0,0.0,0.0,0.0,0.0,0.0,0.0,0.0,0.0,1.2179999999934807,13107.0,0.0,0.0,0.0,0.0,0.0,0.0,0.0,0.0,-7.0,0.0
1.0,0.0,0.0,0.0,0.0,1.0,0.0,0.0,0.0,2.0,0.0,0.0,0.0,0.0,0.0,0.0,0.0,0.0,0.0,0.28200000000651926,5967.0,0.0,0.0,0.0,0.0,0.0,1.0,0.0,1428.0,15.0,0.0
0.0,0.0,0.0,1.0,0.0,0.0,1.0,0.0,0.0,2.0,0.0,0.0,0.0,0.0,0.0,0.0,0.0,0.0,0.0,0.8599999999860302,4235.0,0.0,0.0,0.0,0.0,0.0,0.0,0.0,3922.0,3.0,0.0
0.0,0.0,1.0,1.0,0.0,1.0,0.0,0.0,3.0,5.0,1.0,2.0,0.0,0.0,0.0,0.0,0.0,0.0,1.0,0.48499999998603016,24356.0,0.0,0.0,0.0,0.0,0.0,1.0,1.0,77.0,4.5,0.0
0.0,0.0,0.0,1.0,0.0,0.0,0.0,0.0,1.0,2.0,0.0,1.0,0.0,0.0,0.0,0.0,0.0,0.0,0.0,0.9529999999795109,5717.0,1.0,0.0,0.0,0.0,0.0,0.0,0.0,3351.0,3.0,0.0
0.0,0.0,0.0,1.0,0.0,1.0,0.0,0.0,0.0,0.0,0.0,0.0,0.0,0.0,0.0,0.0,0.0,0.0,0.0,0.09299999999348074,14731.0,0.0,0.0,0.0,0.0,0.0,0.0,0.0,44.0,3.0,0.0
0.0,0.0,0.0,1.0,0.0,1.0,0.0,0.0,1.0,1.0,0.0,1.0,0.0,0.0,0.0,0.0,0.0,0.0,0.0,0.09400000001187436,3810.0,0.0,0.0,0.0,0.0,0.0,0.0,0.0,1467.0,4.5,0.0
1.0,0.0,0.0,0.0,0.0,1.0,0.0,0.0,1.0,3.0,0.0,0.0,0.0,0.0,0.0,1.0,1.0,0.0,0.0,0.20399999999790452,10313.0,0.0,0.0,0.0,0.0,0.0,0.0,1.0,1527.0,10.5,0.0
0.0,0.0,1.0,1.0,0.0,1.0,0.0,0.0,1.0,2.0,0.0,1.0,0.0,0.0,0.0,0.0,0.0,0.0,0.0,0.40599999998812564,3390.0,0.0,0.0,0.0,0.0,0.0,0.0,0.0,0.0,-4.0,0.0
0.0,0.0,1.0,1.0,0.0,1.0,0.0,0.0,4.0,0.0,0.0,0.0,0.0,0.0,0.0,0.0,0.0,0.0,0.0,0.09400000001187436,755.0,0.0,0.0,0.0,0.0,0.0,0.0,0.0,0.0,-15.0,0.0
0.0,0.0,1.0,1.0,0.0,1.0,0.0,0.0,1.0,0.0,0.0,0.0,0.0,0.0,0.0,0.0,0.0,0.0,0.0,3.9690000000118744,14002.0,0.0,0.0,0.0,0.0,0.0,0.0,0.0,0.0,-9.0,0.0
1.0,0.0,0.0,0.0,0.0,1.0,0.0,0.0,2.0,11.0,0.0,7.0,0.0,0.0,1.0,0.0,0.0,1.0,1.0,0.40599999998812564,43564.0,0.0,0.0,0.0,1.0,0.0,0.0,1.0,163.0,45.5,1.0
0.0,0.0,0.0,1.0,0.0,1.0,0.0,0.0,0.0,0.0,0.0,0.0,0.0,0.0,0.0,0.0,0.0,0.0,0.0,0.1720000000204891,127.0,0.0,0.0,0.0,0.0,0.0,0.0,0.0,55.0,3.0,0.0
0.0,0.0,0.0,1.0,0.0,1.0,0.0,0.0,1.0,1.0,0.0,1.0,0.0,0.0,0.0,0.0,0.0,0.0,0.0,0.09299999999348074,5766.0,0.0,0.0,0.0,0.0,0.0,0.0,0.0,3400.0,4.5,1.0
1.0,0.0,0.0,0.0,0.0,1.0,0.0,0.0,1.0,3.0,0.0,0.0,0.0,0.0,0.0,1.0,1.0,0.0,0.0,0.3120000000053551,10313.0,0.0,0.0,0.0,0.0,0.0,0.0,1.0,1527.0,10.5,0.0
0.0,0.0,1.0,1.0,0.0,1.0,0.0,0.0,0.0,0.0,0.0,0.0,0.0,0.0,0.0,0.0,0.0,0.0,0.0,0.45300000000861473,979.0,0.0,0.0,0.0,0.0,0.0,0.0,0.0,0.0,-7.0,0.0
1.0,0.0,0.0,0.0,0.0,1.0,0.0,0.0,2.0,11.0,0.0,2.0,5.0,0.0,0.0,0.0,0.0,0.0,1.0,0.125,42204.0,0.0,0.0,0.0,0.0,0.0,1.0,0.0,33415.0,53.5,1.0
1.0,0.0,0.0,0.0,0.0,1.0,0.0,0.0,0.0,1.0,0.0,0.0,0.0,0.0,0.0,0.0,0.0,0.0,0.0,0.45300000000861473,1872.0,0.0,0.0,0.0,0.0,0.0,0.0,0.0,117.0,9.5,0.0
0.0,0.0,0.0,1.0,0.0,1.0,0.0,0.0,0.0,0.0,0.0,0.0,0.0,0.0,0.0,0.0,0.0,0.0,0.0,0.1720000000204891,127.0,0.0,0.0,0.0,0.0,0.0,0.0,0.0,55.0,3.0,1.0
1.0,0.0,0.0,0.0,0.0,0.0,1.0,0.0,4.0,11.0,0.0,1.0,51.0,0.0,53.0,0.0,0.0,0.0,0.0,0.6089999999967404,83486.0,1.0,0.0,0.0,0.0,0.0,0.0,83.0,31474.0,216.5,0.0
1.0,0.0,0.0,0.0,0.0,1.0,0.0,0.0,2.0,2.0,0.0,0.0,0.0,0.0,0.0,0.0,0.0,0.0,0.0,0.5,20253.0,0.0,0.0,0.0,0.0,0.0,0.0,1.0,2805.0,7.0,1.0
0.0,0.0,0.0,1.0,0.0,0.0,1.0,0.0,0.0,2.0,0.0,0.0,0.0,0.0,0.0,0.0,0.0,0.0,0.0,0.8440000000118744,4235.0,0.0,0.0,0.0,0.0,0.0,0.0,0.0,3922.0,3.0,0.0
0.0,0.0,0.0,1.0,0.0,1.0,0.0,0.0,1.0,0.0,0.0,0.0,0.0,0.0,1.0,0.0,0.0,0.0,0.0,0.0779999999795109,24900.0,0.0,0.0,0.0,0.0,0.0,0.0,0.0,3530.0,1.0,0.0
0.0,0.0,0.0,1.0,0.0,1.0,0.0,0.0,1.0,1.0,0.0,1.0,0.0,0.0,0.0,0.0,0.0,0.0,0.0,0.0629999999946449,5774.0,0.0,0.0,0.0,0.0,0.0,0.0,0.0,3408.0,4.5,0.0
1.0,0.0,0.0,0.0,0.0,1.0,0.0,0.0,0.0,1.0,0.0,0.0,0.0,0.0,0.0,4.0,1.0,0.0,0.0,0.3120000000053551,8447.0,1.0,0.0,0.0,0.0,0.0,0.0,0.0,1022.0,7.5,0.0
1.0,0.0,0.0,0.0,0.0,1.0,0.0,0.0,2.0,8.0,0.0,0.0,4.0,0.0,9.0,1.0,1.0,1.0,1.0,0.5940000000118744,51243.0,0.0,0.0,0.0,0.0,0.0,0.0,31.0,12882.0,39.0,1.0
1.0,0.0,0.0,0.0,0.0,1.0,0.0,0.0,3.0,10.0,0.0,1.0,0.0,0.0,0.0,0.0,0.0,0.0,1.0,0.125,52451.0,0.0,0.0,0.0,0.0,0.0,0.0,0.0,0.0,24.0,1.0
0.0,0.0,0.0,1.0,0.0,1.0,0.0,0.0,1.0,1.0,0.0,1.0,0.0,0.0,0.0,0.0,0.0,0.0,0.0,0.07899999999790452,5805.0,0.0,0.0,0.0,0.0,0.0,0.0,0.0,3439.0,4.5,0.0
0.0,0.0,1.0,1.0,0.0,1.0,0.0,0.0,3.0,4.0,0.0,0.0,0.0,1.0,3.0,1.0,1.0,0.0,0.0,0.4840000000258442,25817.0,0.0,0.0,0.0,0.0,0.0,0.0,19.0,8912.0,-10.0,0.0
0.0,0.0,1.0,1.0,0.0,1.0,0.0,0.0,2.0,0.0,0.0,0.0,0.0,1.0,1.0,0.0,0.0,0.0,0.0,0.3279999999795109,1481.0,0.0,0.0,0.0,0.0,0.0,0.0,0.0,52.0,-14.0,0.0
1.0,0.0,0.0,0.0,0.0,1.0,0.0,1.0,0.0,3.0,0.0,1.0,12.0,0.0,63.0,9.0,3.0,0.0,0.0,1.2189999999827705,100000.0,0.0,0.0,0.0,0.0,0.0,1.0,207.0,9509.0,66.5,1.0
0.0,0.0,0.0,1.0,0.0,1.0,0.0,0.0,0.0,0.0,0.0,0.0,0.0,0.0,0.0,0.0,0.0,0.0,0.0,0.1870000000053551,127.0,0.0,0.0,0.0,0.0,0.0,0.0,0.0,55.0,3.0,0.0
0.0,0.0,1.0,1.0,0.0,1.0,0.0,0.0,1.0,3.0,0.0,0.0,0.0,0.0,0.0,0.0,0.0,0.0,0.0,1.437000000005355,89300.0,0.0,0.0,0.0,0.0,0.0,0.0,0.0,0.0,-4.5,0.0
0.0,0.0,1.0,1.0,0.0,1.0,0.0,0.0,1.0,8.0,0.0,3.0,0.0,0.0,0.0,0.0,0.0,0.0,0.0,0.4220000000204891,10846.0,0.0,0.0,0.0,0.0,0.0,0.0,1.0,879.0,9.0,0.0
0.0,0.0,1.0,1.0,0.0,1.0,0.0,0.0,3.0,7.0,0.0,3.0,2.0,1.0,1.0,5.0,4.0,0.0,1.0,1.6719999999913853,27879.0,1.0,0.0,0.0,0.0,0.0,0.0,36.0,13371.0,11.5,0.0
0.0,0.0,1.0,1.0,0.0,1.0,0.0,0.0,3.0,6.0,1.0,0.0,0.0,0.0,0.0,1.0,1.0,0.0,0.0,0.5940000000118744,39342.0,0.0,0.0,0.0,0.0,0.0,0.0,2.0,5883.0,-7.0,0.0
0.0,0.0,1.0,1.0,0.0,1.0,0.0,0.0,4.0,0.0,0.0,0.0,0.0,0.0,0.0,0.0,0.0,0.0,0.0,0.1879999999946449,755.0,0.0,0.0,0.0,0.0,0.0,0.0,0.0,0.0,-15.0,0.0
0.0,0.0,1.0,1.0,0.0,1.0,0.0,0.0,4.0,5.0,1.0,2.0,0.0,0.0,0.0,2.0,1.0,0.0,1.0,0.5,99996.0,0.0,0.0,0.0,0.0,0.0,1.0,64.0,2946.0,2.5,0.0
1.0,0.0,0.0,0.0,0.0,0.0,0.0,0.0,1.0,1.0,0.0,0.0,0.0,0.0,0.0,0.0,0.0,0.0,0.0,0.28099999998812564,13.0,0.0,0.0,0.0,0.0,0.0,0.0,0.0,13.0,4.5,0.0
0.0,0.0,0.0,1.0,0.0,1.0,0.0,0.0,1.0,1.0,0.0,1.0,0.0,0.0,0.0,0.0,0.0,0.0,0.0,0.07899999999790452,5808.0,0.0,0.0,0.0,0.0,0.0,0.0,0.0,3442.0,4.5,0.0
0.0,0.0,0.0,1.0,0.0,1.0,0.0,0.0,1.0,0.0,0.0,0.0,0.0,0.0,1.0,0.0,0.0,0.0,0.0,0.09400000001187436,24976.0,0.0,0.0,0.0,0.0,0.0,0.0,0.0,3566.0,1.0,0.0
1.0,0.0,0.0,0.0,0.0,1.0,0.0,0.0,1.0,0.0,0.0,0.0,0.0,1.0,1.0,0.0,0.0,0.0,0.0,0.26600000000325963,3036.0,0.0,0.0,0.0,0.0,0.0,0.0,0.0,1707.0,3.0,1.0
0.0,0.0,1.0,1.0,0.0,1.0,0.0,0.0,3.0,4.0,0.0,0.0,0.0,1.0,3.0,1.0,1.0,0.0,0.0,0.4220000000204891,25817.0,0.0,0.0,0.0,0.0,0.0,0.0,19.0,8912.0,-10.0,0.0
1.0,0.0,0.0,0.0,0.0,1.0,0.0,0.0,1.0,8.0,0.0,5.0,1.0,0.0,0.0,0.0,0.0,1.0,1.0,0.6870000000053551,33980.0,0.0,0.0,0.0,0.0,0.0,1.0,0.0,0.0,41.0,1.0
1.0,0.0,0.0,0.0,0.0,1.0,0.0,0.0,1.0,9.0,0.0,5.0,1.0,0.0,0.0,0.0,0.0,1.0,1.0,0.9379999999946449,33515.0,0.0,0.0,0.0,0.0,0.0,1.0,0.0,0.0,42.5,1.0
1.0,0.0,0.0,0.0,0.0,1.0,0.0,0.0,3.0,14.0,0.0,0.0,5.0,0.0,0.0,0.0,0.0,0.0,0.0,0.14000000001396984,95696.0,0.0,0.0,0.0,0.0,0.0,0.0,0.0,91190.0,43.0,0.0
0.0,0.0,1.0,1.0,0.0,1.0,0.0,0.0,4.0,1.0,0.0,0.0,0.0,0.0,0.0,0.0,0.0,0.0,0.0,0.34299999999348074,5069.0,0.0,0.0,0.0,0.0,0.0,0.0,3.0,616.0,-13.5,0.0
1.0,0.0,0.0,0.0,0.0,1.0,0.0,0.0,1.0,6.0,0.0,3.0,1.0,0.0,0.0,2.0,1.0,1.0,1.0,1.2960000000020955,7041.0,1.0,0.0,0.0,0.0,0.0,0.0,4.0,296.0,30.0,1.0
0.0,0.0,1.0,1.0,0.0,1.0,0.0,0.0,2.0,2.0,0.0,0.0,0.0,0.0,0.0,0.0,0.0,0.0,0.0,2.0780000000086147,6790.0,0.0,0.0,0.0,0.0,0.0,0.0,0.0,1772.0,-8.0,0.0
1.0,0.0,0.0,0.0,0.0,1.0,0.0,0.0,1.0,1.0,0.0,1.0,0.0,0.0,0.0,0.0,0.0,0.0,0.0,0.7179999999934807,6675.0,0.0,0.0,0.0,0.0,0.0,0.0,0.0,132.0,9.5,0.0
0.0,0.0,0.0,1.0,0.0,0.0,1.0,0.0,0.0,2.0,0.0,0.0,0.0,0.0,0.0,0.0,0.0,0.0,0.0,0.9070000000065193,4235.0,0.0,0.0,0.0,0.0,0.0,0.0,0.0,3922.0,3.0,1.0
0.0,0.0,1.0,1.0,0.0,1.0,0.0,0.0,3.0,7.0,1.0,0.0,0.0,0.0,0.0,1.0,1.0,0.0,0.0,0.4539999999979045,45236.0,0.0,0.0,0.0,0.0,0.0,0.0,2.0,11781.0,-5.5,0.0
0.0,0.0,1.0,1.0,0.0,1.0,0.0,0.0,2.0,1.0,0.0,0.0,0.0,0.0,0.0,0.0,0.0,0.0,0.0,0.7190000000118744,40072.0,0.0,0.0,0.0,0.0,0.0,0.0,0.0,0.0,-9.5,0.0
1.0,0.0,0.0,0.0,0.0,1.0,0.0,0.0,1.0,1.0,0.0,0.0,0.0,0.0,0.0,0.0,0.0,0.0,0.0,0.3279999999795109,3629.0,0.0,0.0,0.0,0.0,0.0,0.0,0.0,0.0,7.5,1.0
1.0,0.0,0.0,0.0,0.0,1.0,0.0,0.0,0.0,2.0,0.0,0.0,0.0,0.0,0.0,0.0,0.0,1.0,0.0,1.2659999999741558,336.0,0.0,0.0,0.0,0.0,0.0,0.0,0.0,0.0,11.0,1.0
1.0,0.0,0.0,0.0,0.0,0.0,0.0,0.0,0.0,4.0,0.0,0.0,1.0,0.0,1.0,0.0,0.0,1.0,0.0,0.2659999999741558,3091.0,0.0,0.0,0.0,0.0,0.0,1.0,15.0,1130.0,19.0,1.0
1.0,0.0,0.0,0.0,0.0,1.0,0.0,0.0,0.0,2.0,0.0,0.0,0.0,0.0,0.0,0.0,0.0,0.0,0.0,0.21899999998277053,5967.0,0.0,0.0,0.0,0.0,0.0,1.0,0.0,1428.0,15.0,0.0
0.0,0.0,1.0,1.0,0.0,1.0,0.0,0.0,2.0,5.0,0.0,0.0,1.0,0.0,0.0,0.0,0.0,0.0,0.0,0.45300000000861473,23183.0,0.0,0.0,0.0,0.0,0.0,0.0,0.0,0.0,0.5,0.0
1.0,0.0,0.0,0.0,0.0,1.0,0.0,0.0,1.0,5.0,0.0,3.0,0.0,0.0,0.0,0.0,0.0,0.0,1.0,0.6870000000053551,11780.0,0.0,0.0,0.0,0.0,0.0,1.0,0.0,3310.0,28.5,0.0
0.0,0.0,1.0,1.0,0.0,1.0,0.0,0.0,2.0,2.0,0.0,0.0,0.0,0.0,0.0,0.0,0.0,0.0,0.0,1.9690000000118744,6790.0,0.0,0.0,0.0,0.0,0.0,0.0,0.0,1772.0,-8.0,0.0
0.0,0.0,1.0,1.0,0.0,1.0,0.0,0.0,1.0,2.0,0.0,1.0,0.0,0.0,0.0,0.0,0.0,0.0,0.0,0.40600000001722947,3390.0,0.0,0.0,0.0,0.0,0.0,0.0,0.0,0.0,-4.0,0.0
1.0,0.0,0.0,0.0,0.0,1.0,0.0,0.0,1.0,2.0,0.0,0.0,0.0,0.0,0.0,0.0,0.0,0.0,0.0,1.202999999979511,27454.0,0.0,0.0,0.0,0.0,0.0,0.0,0.0,0.0,9.0,1.0
0.0,0.0,0.0,1.0,0.0,0.0,1.0,0.0,0.0,2.0,0.0,0.0,0.0,0.0,0.0,0.0,0.0,0.0,0.0,0.875,4235.0,0.0,0.0,0.0,0.0,0.0,0.0,0.0,3922.0,3.0,0.0
1.0,0.0,0.0,0.0,0.0,1.0,0.0,0.0,1.0,6.0,0.0,3.0,0.0,0.0,0.0,0.0,0.0,1.0,1.0,0.5150000000139698,27188.0,0.0,0.0,0.0,1.0,0.0,1.0,2.0,311.0,36.0,1.0
1.0,0.0,0.0,0.0,0.0,0.0,1.0,0.0,0.0,8.0,0.0,1.0,6.0,0.0,35.0,0.0,0.0,0.0,0.0,0.5780000000086147,31642.0,1.0,0.0,0.0,0.0,0.0,0.0,77.0,7336.0,40.0,0.0
0.0,0.0,1.0,1.0,0.0,1.0,0.0,0.0,4.0,1.0,0.0,0.0,0.0,0.0,0.0,0.0,0.0,0.0,0.0,0.7820000000065193,5069.0,0.0,0.0,0.0,0.0,0.0,0.0,3.0,616.0,-13.5,0.0
1.0,0.0,0.0,0.0,0.0,1.0,0.0,0.0,1.0,3.0,0.0,0.0,0.0,0.0,0.0,0.0,0.0,0.0,0.0,0.875,97641.0,1.0,0.0,0.0,0.0,0.0,0.0,0.0,0.0,10.5,0.0
0.0,0.0,1.0,1.0,0.0,1.0,0.0,0.0,1.0,1.0,0.0,0.0,0.0,0.0,0.0,0.0,0.0,0.0,0.0,1.0940000000118744,6959.0,0.0,0.0,0.0,0.0,0.0,0.0,0.0,0.0,-7.5,0.0
1.0,0.0,0.0,0.0,0.0,1.0,0.0,0.0,2.0,6.0,1.0,4.0,2.0,0.0,0.0,2.0,1.0,1.0,1.0,0.6090000000258442,99997.0,0.0,0.0,0.0,1.0,0.0,1.0,64.0,2958.0,41.0,1.0
0.0,0.0,1.0,1.0,0.0,1.0,0.0,0.0,4.0,8.0,0.0,0.0,1.0,0.0,1.0,0.0,0.0,0.0,0.0,0.46899999998277053,51745.0,0.0,0.0,0.0,0.0,0.0,0.0,2.0,13430.0,1.0,0.0
1.0,0.0,0.0,0.0,0.0,1.0,0.0,0.0,0.0,2.0,0.0,0.0,0.0,0.0,0.0,0.0,0.0,1.0,1.0,0.21900000001187436,5954.0,0.0,0.0,0.0,0.0,0.0,1.0,0.0,1428.0,20.0,1.0
1.0,0.0,0.0,0.0,0.0,1.0,0.0,0.0,2.0,9.0,0.0,5.0,0.0,5.0,1.0,0.0,0.0,1.0,1.0,0.39100000000325963,45709.0,0.0,0.0,0.0,0.0,0.0,1.0,3.0,7665.0,21.5,1.0
1.0,0.0,0.0,0.0,0.0,1.0,0.0,0.0,0.0,5.0,0.0,1.0,19.0,0.0,6.0,0.0,0.0,0.0,0.0,0.7820000000065193,30430.0,0.0,0.0,0.0,0.0,0.0,0.0,72.0,6942.0,95.5,1.0
1.0,0.0,0.0,0.0,0.0,0.0,1.0,0.0,0.0,8.0,0.0,1.0,6.0,0.0,35.0,0.0,0.0,0.0,0.0,0.5780000000086147,31642.0,1.0,0.0,0.0,0.0,0.0,0.0,77.0,7336.0,40.0,0.0
0.0,0.0,0.0,1.0,0.0,1.0,0.0,0.0,1.0,1.0,0.0,1.0,0.0,0.0,0.0,0.0,0.0,0.0,0.0,0.062000000005355105,5759.0,0.0,0.0,0.0,0.0,0.0,0.0,0.0,3393.0,4.5,0.0
0.0,0.0,0.0,1.0,0.0,1.0,0.0,0.0,0.0,0.0,0.0,0.0,0.0,0.0,0.0,0.0,0.0,0.0,0.0,0.09399999998277053,0.0,0.0,0.0,0.0,0.0,0.0,0.0,0.0,0.0,3.0,1.0
1.0,0.0,0.0,0.0,0.0,1.0,0.0,0.0,1.0,1.0,0.0,1.0,0.0,0.0,0.0,0.0,0.0,0.0,0.0,0.34400000001187436,6675.0,0.0,0.0,0.0,0.0,0.0,0.0,0.0,132.0,9.5,0.0
1.0,0.0,0.0,0.0,0.0,0.0,0.0,0.0,1.0,1.0,0.0,0.0,0.0,0.0,0.0,0.0,0.0,0.0,0.0,1.172000000020489,13.0,0.0,0.0,0.0,0.0,0.0,0.0,0.0,13.0,4.5,0.0
1.0,0.0,0.0,0.0,0.0,1.0,0.0,0.0,1.0,3.0,0.0,0.0,0.0,0.0,0.0,0.0,0.0,0.0,1.0,1.1090000000258442,97442.0,1.0,0.0,0.0,0.0,0.0,0.0,0.0,0.0,15.5,1.0
0.0,0.0,1.0,1.0,0.0,1.0,0.0,0.0,3.0,7.0,0.0,3.0,1.0,0.0,1.0,3.0,2.0,0.0,1.0,0.5469999999913853,11654.0,1.0,0.0,0.0,0.0,0.0,0.0,7.0,4127.0,10.5,0.0
1.0,0.0,0.0,0.0,0.0,1.0,0.0,0.0,1.0,3.0,0.0,0.0,0.0,0.0,0.0,1.0,1.0,0.0,1.0,0.17100000000209548,10313.0,0.0,0.0,0.0,0.0,0.0,0.0,1.0,1527.0,15.5,1.0
1.0,0.0,0.0,0.0,0.0,1.0,0.0,1.0,1.0,3.0,0.0,1.0,13.0,1.0,6.0,10.0,3.0,1.0,1.0,0.4379999999946449,42849.0,0.0,0.0,0.0,0.0,0.0,1.0,48.0,2981.0,70.5,0.0
0.0,0.0,1.0,1.0,0.0,1.0,0.0,0.0,3.0,5.0,0.0,3.0,0.0,0.0,0.0,0.0,0.0,0.0,0.0,0.625,14515.0,1.0,0.0,0.0,0.0,0.0,0.0,3.0,5670.0,0.5,0.0
0.0,0.0,0.0,1.0,0.0,0.0,0.0,0.0,1.0,3.0,0.0,1.0,0.0,0.0,0.0,0.0,0.0,0.0,0.0,0.5150000000139698,5717.0,1.0,0.0,0.0,0.0,0.0,0.0,0.0,3351.0,4.5,0.0
1.0,0.0,0.0,0.0,0.0,1.0,0.0,0.0,0.0,2.0,0.0,0.0,0.0,0.0,0.0,0.0,0.0,0.0,0.0,0.1879999999946449,5963.0,0.0,0.0,0.0,0.0,0.0,1.0,0.0,1428.0,15.0,0.0
1.0,0.0,0.0,0.0,0.0,0.0,0.0,1.0,2.0,2.0,0.0,1.0,0.0,0.0,0.0,0.0,0.0,0.0,0.0,1.1559999999881256,86426.0,1.0,0.0,0.0,0.0,0.0,0.0,1.0,53021.0,6.0,0.0
1.0,0.0,0.0,0.0,0.0,1.0,0.0,0.0,3.0,11.0,0.0,0.0,5.0,0.0,0.0,0.0,0.0,0.0,0.0,0.125,43739.0,0.0,0.0,0.0,0.0,0.0,0.0,0.0,39233.0,38.5,0.0
1.0,0.0,0.0,0.0,0.0,1.0,0.0,0.0,1.0,0.0,0.0,0.0,0.0,1.0,1.0,0.0,0.0,0.0,0.0,0.2970000000204891,3036.0,0.0,0.0,0.0,0.0,0.0,0.0,0.0,1707.0,3.0,0.0
1.0,0.0,0.0,0.0,0.0,0.0,0.0,1.0,1.0,2.0,0.0,1.0,0.0,0.0,0.0,0.0,0.0,0.0,0.0,0.9529999999795109,11176.0,1.0,0.0,0.0,0.0,0.0,0.0,0.0,0.0,8.0,0.0
1.0,0.0,0.0,0.0,0.0,0.0,1.0,0.0,4.0,11.0,0.0,1.0,51.0,0.0,53.0,0.0,0.0,0.0,0.0,0.6719999999913853,83486.0,1.0,0.0,0.0,0.0,0.0,0.0,83.0,31474.0,216.5,0.0
0.0,0.0,1.0,1.0,0.0,1.0,0.0,0.0,5.0,2.0,0.0,0.0,0.0,0.0,1.0,2.0,1.0,0.0,0.0,0.8589999999967404,21143.0,0.0,0.0,0.0,0.0,0.0,0.0,2.0,7520.0,-14.0,0.0
0.0,0.0,0.0,1.0,0.0,1.0,0.0,0.0,1.0,1.0,0.0,1.0,0.0,0.0,0.0,0.0,0.0,0.0,1.0,0.0629999999946449,3655.0,0.0,0.0,0.0,0.0,0.0,0.0,0.0,1312.0,9.5,1.0
1.0,0.0,0.0,0.0,0.0,1.0,0.0,0.0,0.0,0.0,0.0,0.0,0.0,0.0,0.0,0.0,0.0,0.0,0.0,0.15599999998812564,1371.0,0.0,0.0,0.0,0.0,0.0,0.0,0.0,0.0,8.0,1.0
1.0,0.0,0.0,0.0,0.0,1.0,0.0,0.0,1.0,0.0,0.0,0.0,0.0,1.0,1.0,0.0,0.0,0.0,0.0,0.3120000000053551,3036.0,0.0,0.0,0.0,0.0,0.0,0.0,0.0,1707.0,3.0,0.0
0.0,0.0,0.0,1.0,0.0,1.0,0.0,0.0,1.0,1.0,0.0,1.0,0.0,0.0,0.0,0.0,0.0,0.0,0.0,0.0629999999946449,5771.0,0.0,0.0,0.0,0.0,0.0,0.0,0.0,3405.0,4.5,0.0
0.0,0.0,1.0,1.0,0.0,1.0,0.0,0.0,3.0,5.0,0.0,3.0,0.0,0.0,0.0,0.0,0.0,0.0,0.0,0.5940000000118744,14500.0,1.0,0.0,0.0,0.0,0.0,0.0,3.0,5665.0,0.5,0.0
0.0,0.0,1.0,1.0,0.0,1.0,0.0,0.0,4.0,10.0,1.0,0.0,0.0,0.0,0.0,1.0,1.0,0.0,0.0,0.6559999999881256,66185.0,0.0,0.0,0.0,0.0,0.0,0.0,2.0,32730.0,-3.0,0.0
1.0,0.0,0.0,0.0,0.0,1.0,0.0,0.0,0.0,3.0,0.0,0.0,0.0,0.0,0.0,0.0,0.0,1.0,0.0,1.8900000000139698,21233.0,0.0,0.0,0.0,0.0,0.0,0.0,0.0,0.0,12.5,1.0
0.0,0.0,1.0,1.0,0.0,1.0,0.0,0.0,2.0,2.0,0.0,0.0,0.0,0.0,0.0,0.0,0.0,0.0,0.0,1.9679999999934807,6790.0,0.0,0.0,0.0,0.0,0.0,0.0,0.0,1772.0,-8.0,0.0
1.0,0.0,0.0,0.0,0.0,1.0,0.0,0.0,1.0,5.0,0.0,4.0,0.0,0.0,0.0,0.0,0.0,0.0,1.0,0.8280000000086147,11405.0,0.0,0.0,0.0,0.0,0.0,1.0,0.0,3310.0,30.5,1.0
0.0,0.0,0.0,1.0,0.0,1.0,0.0,0.0,1.0,1.0,0.0,1.0,0.0,0.0,0.0,0.0,0.0,0.0,0.0,0.0629999999946449,5777.0,0.0,0.0,0.0,0.0,0.0,0.0,0.0,3411.0,4.5,0.0
0.0,0.0,0.0,1.0,0.0,0.0,1.0,0.0,0.0,2.0,0.0,0.0,0.0,0.0,0.0,0.0,0.0,0.0,0.0,0.8900000000139698,4235.0,0.0,0.0,0.0,0.0,0.0,0.0,0.0,3922.0,3.0,0.0
1.0,0.0,0.0,0.0,0.0,0.0,0.0,1.0,2.0,2.0,0.0,1.0,0.0,0.0,0.0,0.0,0.0,0.0,0.0,1.375,86426.0,1.0,0.0,0.0,0.0,0.0,0.0,1.0,53021.0,6.0,0.0
1.0,0.0,0.0,0.0,0.0,1.0,0.0,0.0,1.0,2.0,1.0,0.0,0.0,0.0,0.0,0.0,0.0,0.0,0.0,0.28099999998812564,7890.0,0.0,0.0,0.0,0.0,0.0,0.0,13.0,569.0,6.0,0.0
0.0,0.0,0.0,0.0,1.0,1.0,0.0,0.0,2.0,0.0,0.0,0.0,0.0,0.0,0.0,0.0,0.0,0.0,0.0,1.7339999999967404,445.0,0.0,0.0,0.0,0.0,0.0,0.0,0.0,90.0,-4.0,1.0
1.0,0.0,0.0,0.0,0.0,1.0,0.0,0.0,1.0,3.0,0.0,0.0,0.0,0.0,0.0,0.0,0.0,0.0,0.0,1.9530000000086147,39746.0,0.0,0.0,0.0,0.0,0.0,0.0,0.0,0.0,10.5,1.0
1.0,0.0,0.0,0.0,0.0,1.0,0.0,1.0,1.0,3.0,0.0,1.0,13.0,1.0,6.0,10.0,3.0,1.0,1.0,0.40600000001722947,42969.0,0.0,0.0,0.0,0.0,0.0,1.0,48.0,2996.0,70.5,0.0
1.0,0.0,0.0,0.0,0.0,1.0,0.0,0.0,0.0,1.0,0.0,0.0,0.0,0.0,0.0,0.0,0.0,0.0,0.0,0.3289999999979045,1872.0,0.0,0.0,0.0,0.0,0.0,0.0,0.0,117.0,9.5,0.0
1.0,0.0,0.0,0.0,0.0,1.0,0.0,0.0,2.0,6.0,1.0,4.0,2.0,0.0,0.0,0.0,0.0,1.0,1.0,0.7970000000204891,55957.0,0.0,0.0,0.0,1.0,0.0,1.0,25.0,1541.0,41.0,1.0
1.0,0.0,0.0,0.0,0.0,1.0,0.0,0.0,1.0,5.0,0.0,3.0,0.0,0.0,0.0,0.0,0.0,0.0,1.0,0.6870000000053551,11879.0,0.0,0.0,0.0,0.0,0.0,1.0,0.0,3310.0,28.5,0.0
0.0,0.0,1.0,1.0,0.0,1.0,0.0,0.0,1.0,1.0,0.0,0.0,0.0,0.0,0.0,0.0,0.0,0.0,0.0,0.625,9240.0,0.0,0.0,0.0,0.0,0.0,0.0,0.0,0.0,-7.5,0.0
1.0,0.0,0.0,0.0,0.0,1.0,0.0,0.0,0.0,2.0,0.0,0.0,0.0,0.0,0.0,0.0,0.0,0.0,0.0,0.9379999999946449,24028.0,1.0,0.0,0.0,0.0,0.0,0.0,0.0,0.0,11.0,0.0
0.0,0.0,1.0,1.0,0.0,1.0,0.0,0.0,0.0,1.0,0.0,0.0,0.0,0.0,0.0,0.0,0.0,0.0,0.0,1.8590000000258442,1371.0,0.0,0.0,0.0,0.0,0.0,0.0,0.0,0.0,-5.5,0.0
1.0,0.0,0.0,0.0,0.0,0.0,0.0,0.0,1.0,10.0,0.0,5.0,10.0,0.0,4.0,0.0,0.0,0.0,0.0,1.25,100000.0,2.0,0.0,0.0,0.0,0.0,0.0,24.0,19457.0,68.0,1.0
0.0,0.0,1.0,1.0,0.0,1.0,0.0,0.0,1.0,3.0,0.0,0.0,0.0,0.0,0.0,0.0,0.0,0.0,0.0,6.094000000011874,89300.0,0.0,0.0,0.0,0.0,0.0,0.0,0.0,0.0,-4.5,0.0
1.0,0.0,0.0,0.0,0.0,0.0,0.0,0.0,1.0,1.0,0.0,0.0,0.0,0.0,0.0,0.0,0.0,0.0,0.0,4.953000000008615,3845.0,2.0,0.0,0.0,0.0,0.0,0.0,0.0,0.0,4.5,1.0
0.0,0.0,1.0,1.0,0.0,1.0,0.0,0.0,1.0,3.0,0.0,0.0,0.0,0.0,0.0,0.0,0.0,0.0,0.0,7.312999999994645,89300.0,0.0,0.0,0.0,0.0,0.0,0.0,0.0,0.0,-4.5,1.0
